product,rule,year,return_net,spot_return,volatility,basis_arithmetic,cost,days
IC,front,2015,0.18737610998177012,-0.03720887906987802,0.7002265383754154,0.3181879345007942,0.0017412385934399398,176
IC,front,2016,0.0977283506235096,-0.1777520481930892,0.3172333746049131,0.30428410316765225,0.0023896839548443833,244
IC,front,2017,0.11906635779953967,-0.002045139958777531,0.1619517614961541,0.11866091663884457,0.0023989918658986536,244
IC,front,2018,-0.28706388259573823,-0.33320108401777704,0.26708977845105486,0.07681482000201661,0.0023982895066818615,243
IC,front,2019,0.40478023372072336,0.26382184432011146,0.24921310152050982,0.11357402102236386,0.0024076691002940702,244
IC,front,2020,0.35822490526451234,0.20871696350941238,0.2743081558721004,0.1221879653015148,0.0024071468341336265,243
IC,front,2021,0.2781405589876844,0.1558462159441254,0.13872885684980057,0.10108463451910925,0.0024110414439227814,243
IC,front,2022,-0.17120034340145063,-0.20313204880832592,0.23691454843768897,0.04492401697027466,0.002414001945116005,242
IC,front,2023,-0.06064978669150045,-0.0742164253547205,0.12767227545940643,0.017152262613573825,0.0023933595876810877,242
IC,front,2024,0.1046847764963641,0.05461179577951203,0.303909807111789,0.06094736687087762,0.002382385025913777,242
IC,front,2025,0.4616825737149681,0.303863437500544,0.20871708537222336,0.11702661266476463,0.002400008181510879,243
IC,front,2026,0.08983248102433317,0.039353994403642956,0.29575993497400743,0.05175012432717041,0.001610615775118836,165
IC,next,2015,0.10364555558772515,-0.03720887906987802,0.7123420419210298,0.2423302771228902,0.0007078699404725508,176
IC,next,2016,0.09784243086670563,-0.1777520481930892,0.32707868655257505,0.3093162768715175,0.000785042055925659,244
IC,next,2017,0.1343278343418577,-0.002045139958777531,0.1645186371160271,0.1307696822870284,0.0008045362145437211,244
IC,next,2018,-0.299911355688798,-0.33320108401777704,0.2727127995056059,0.06145315420245551,0.0007936740723487816,243
IC,next,2019,0.3922487614253467,0.26382184432011146,0.255197845206071,0.10466991848244647,0.0007947366089416184,244
IC,next,2020,0.3586788273857551,0.20871696350941238,0.27765183127035303,0.11781989738080545,0.0007978515601084605,243
IC,next,2021,0.3017684450784617,0.1558462159441254,0.13634306565367024,0.11740509551916378,0.0008009810439919163,243
IC,next,2022,-0.15222808801170917,-0.20313204880832592,0.2401578934936906,0.0679928080844443,0.000809464717775943,242
IC,next,2023,-0.04898676889424314,-0.0742164253547205,0.12720743814079977,0.027801855283176496,0.0007999893142430128,242
IC,next,2024,0.1065217016799953,0.05461179577951203,0.31920902246394056,0.06398439030974234,0.0007985373858418979,242
IC,next,2025,0.4437761731170904,0.303863437500544,0.21290214699961008,0.10268522468480845,0.0008058665028821085,243
IC,next,2026,0.0947171634191264,0.039353994403642956,0.30546715452230566,0.05562459641102245,0.0004045324668932338,165
IC,far,2015,0.024401873355724524,-0.03720887906987802,0.7278140076789705,0.1800242055057187,0.0003016311237128073,176
IC,far,2016,0.05924837747163969,-0.1777520481930892,0.331277168947005,0.29901612906702607,0.00039022954639158293,244
IC,far,2017,0.12060070861012528,-0.002045139958777531,0.16429365032171822,0.11505118144324486,0.00040376677970122975,244
IC,far,2018,-0.306048619936763,-0.33320108401777704,0.27587201515377086,0.056020869219585295,0.0003929373956196846,243
IC,far,2019,0.40904122514106267,0.26382184432011146,0.26217713066387044,0.1120759442983202,0.0004001687431302765,244
IC,far,2020,0.33716210401395363,0.20871696350941238,0.28537122000650994,0.09927646282338068,0.00039704268593299705,243
IC,far,2021,0.29048466464261047,0.1558462159441254,0.133103755662415,0.10545875190706192,0.00039997796618432453,243
IC,far,2022,-0.13742598363325464,-0.20313204880832592,0.24119776737446494,0.08705074955274972,0.0004046957097414283,242
IC,far,2023,-0.04033081033505703,-0.0742164253547205,0.12644406478778614,0.036048847518076764,0.0004025062515796501,242
IC,far,2024,0.09335850609756058,0.05461179577951203,0.3300522349508525,0.05584947726527527,0.0003979930592506941,242
IC,far,2025,0.44104726630408253,0.303863437500544,0.21618696912131322,0.09350396506541248,0.0004010910926197181,243
IC,far,2026,0.09409598471488545,0.039353994403642956,0.3161173639275823,0.056038186356577604,0.00020661341257750726,165
IC,carry,2015,0.1368070512978894,-0.03720887906987802,0.7067603714198283,0.2654578840417383,0.001341328180512176,176
IC,carry,2016,0.10013541375138368,-0.1777520481930892,0.32215817082711296,0.31367451107606004,0.0015847117360319402,244
IC,carry,2017,0.12170046292434367,-0.002045139958777531,0.1627786392295165,0.12109597805289588,0.0017961907314123294,244
IC,carry,2018,-0.2910740450609204,-0.33320108401777704,0.26897981476688354,0.07276740177561303,0.0017915572883554275,243
IC,carry,2019,0.35157787516693184,0.26382184432011146,0.2647990811135678,0.07630296968051434,0.0008089284576619173,244
IC,carry,2020,0.296061664827731,0.20871696350941238,0.28023757660606746,0.07527944278900688,0.0005965140604706474,243
IC,carry,2021,0.31038991931288584,0.1558462159441254,0.1363422707906418,0.11977561213866217,0.0006006340884250212,243
IC,carry,2022,-0.1414955396379035,-0.20313204880832592,0.23881967232132523,0.08151475322644017,0.0012081497430694644,242
IC,carry,2023,-0.049682155264708094,-0.0742164253547205,0.1269484990270162,0.02706940443500047,0.00039748306266493803,242
IC,carry,2024,0.09608241959026409,0.05461179577951203,0.3183720373238204,0.0547407396949698,0.0011911373267373213,242
IC,carry,2025,0.4560796932881712,0.303863437500544,0.2120511621053421,0.11178105885309603,0.0014052399510052472,243
IC,carry,2026,0.0901600173048962,0.039353994403642956,0.3050181116571131,0.05310948625219321,0.0006062962316122082,165
IC,liquid,2015,0.12314023286543696,-0.03720887906987802,0.7116844519686112,0.25364614865308044,0.0011344770795692902,176
IC,liquid,2016,0.10295835056974867,-0.1777520481930892,0.32211107530418853,0.31412553602858445,0.0013851503725704943,244
IC,liquid,2017,0.13432783434185525,-0.002045139958777531,0.16451863711602693,0.13076968228702843,0.0008045362145437211,244
IC,liquid,2018,-0.299911355688798,-0.33320108401777704,0.2727127995056059,0.06145315420245555,0.0007936740723487817,243
IC,liquid,2019,0.3922487614253469,0.26382184432011146,0.2551978452060709,0.1046699184824465,0.0007947366089416183,244
IC,liquid,2020,0.3586788273857511,0.20871696350941238,0.2776518312703529,0.11781989738080549,0.0007978515601084603,243
IC,liquid,2021,0.3017684450784559,0.1558462159441254,0.13634306565367035,0.11740509551916377,0.0008009810439919163,243
IC,liquid,2022,-0.15222808801170884,-0.20313204880832592,0.24015789349369063,0.06799280808444427,0.0008094647177759431,242
IC,liquid,2023,-0.04898676889424547,-0.0742164253547205,0.12720743814079968,0.027801855283176483,0.0007999893142430127,242
IC,liquid,2024,0.1065217016799953,0.05461179577951203,0.3192090224639404,0.06398439030974233,0.0007985373858418979,242
IC,liquid,2025,0.44377617311708795,0.303863437500544,0.2129021469996101,0.1026852246848084,0.0008058665028821085,243
IC,liquid,2026,0.09129042112639385,0.039353994403642956,0.3056181107423269,0.05292952847725638,0.0004058328086081617,165
IM,front,2022,-0.05961548686477902,-0.10703949051829587,0.21914623482196918,0.042367992181037414,0.0011066528578544824,109
IM,front,2023,-0.03845054891910238,-0.06278316739949186,0.1451186592229829,0.028182524531885855,0.0023933719685258216,242
IM,front,2024,0.10235645916604152,0.011971653949897965,0.36456835787952957,0.10666247972314441,0.002381076601521824,242
IM,front,2025,0.4601452753102213,0.2748635384005975,0.2156255534322072,0.13569293276858668,0.0023984316134438265,243
IM,front,2026,0.07244638583076313,0.005803604343749713,0.28677580041513084,0.06676268691569179,0.0016131101899136704,165
IM,next,2022,-0.05050441387584592,-0.10703949051829587,0.21921086661169623,0.05254865970869097,0.0005018032921170236,109
IM,next,2023,-0.022331694541487312,-0.06278316739949186,0.14464459701200075,0.043141107201700425,0.00079865980521421,242
IM,next,2024,0.09714124533648572,0.011971653949897965,0.3888163877783081,0.10612238140088273,0.0007979744328391436,242
IM,next,2025,0.4568995023321847,0.2748635384005975,0.21883300595529448,0.13139934185994162,0.0008036808538185909,243
IM,next,2026,0.081909355032449,0.005803604343749713,0.29364266732445415,0.07473247401903954,0.00040465342578168263,165
IM,far,2022,-0.041352939722084536,-0.10703949051829587,0.22319935056008314,0.06302279299808732,0.00010001000198383925,109
IM,far,2023,-0.026748993556863776,-0.06278316739949186,0.14541531199540422,0.038882433235338625,0.00039764890430038594,242
IM,far,2024,0.0914161787023966,0.011971653949897965,0.39475115480776407,0.0959217074576055,0.00040042138333284234,242
IM,far,2025,0.4239629811421046,0.2748635384005975,0.21995257927182926,0.11021209099359124,0.0004044330734026618,243
IM,far,2026,0.08056633190117446,0.005803604343749713,0.295755158608401,0.0724502496439465,0.00019784052501832525,165
IM,carry,2022,-0.05868377222297716,-0.10703949051829587,0.22003924122355004,0.0446602596313794,0.0009060025808284089,109
IM,carry,2023,-0.023045247135807467,-0.06278316739949186,0.14418892818387757,0.041109941843286105,0.001000518615680535,242
IM,carry,2024,0.09310301856175407,0.011971653949897965,0.3731367050526238,0.09602479841560321,0.0007918429611742056,242
IM,carry,2025,0.4375982803800673,0.2748635384005975,0.21828888760561085,0.11663395481775586,0.001001356207589918,243
IM,carry,2026,0.08441126660164255,0.005803604343749713,0.2994081523491268,0.07853063656797313,0.0002068129007656261,165
IM,liquid,2022,-0.0515112345200881,-0.10703949051829587,0.21956965008818333,0.05202979773672805,0.00070011014194536,109
IM,liquid,2023,-0.02233169454149031,-0.06278316739949186,0.14464459701200083,0.04314110720170043,0.0007986598052142102,242
IM,liquid,2024,0.09714124533648993,0.011971653949897965,0.38881638777830807,0.1061223814008827,0.0007979744328391434,242
IM,liquid,2025,0.45689950233218046,0.2748635384005975,0.21883300595529448,0.13139934185994162,0.0008036808538185911,243
IM,liquid,2026,0.08190935503244612,0.005803604343749713,0.2936426673244541,0.07473247401903954,0.0004046534257816825,165
