product,rule,beta,correlation,r_squared,alpha_annual_arithmetic,alpha_ci_low,alpha_ci_high,alpha_t_hac,monthly_beta,monthly_alpha,monthly_alpha_t_hac,mean_basis_contribution_annual,mean_market_contribution_annual,mean_cost_annual
IC,front,1.072372913430964,0.9407024735799265,0.8849211437993918,0.11799181661993667,0.07944418153321303,0.1565394517066603,5.999322929285994,1.0577587612921684,0.10871707613908402,5.536215138502045,0.12402299422863342,0.02770204441418688,0.0024876859300245243
IC,next,1.0933280433357595,0.9352204587460864,0.87463730645724,0.1229096017735069,0.0819447973039506,0.16387440624306318,5.880618642016508,1.0775134176879198,0.11302565107944153,5.8925722448573445,0.1269567909737968,0.02824449591491237,0.0008264011466514455
IC,far,1.1075429992940686,0.9297621435056729,0.8644576434962625,0.1119582481758911,0.06364746316595118,0.16026903318583102,4.542135553206087,1.1163231260842221,0.10604188373640067,5.711585873527897,0.11715847729332486,0.026823307938180864,0.0004091866585071862
IC,carry,1.0911512473995821,0.9334360042904596,0.8713027741057375,0.12581195019390848,0.08466191588763784,0.1669619845001791,5.992386042002197,1.055348294240218,0.11455141746550754,6.072204657889265,0.13047436255911557,0.027991630710151056,0.0012115862753794941
IC,liquid,1.0926527929957794,0.9334898824276853,0.8714033605948542,0.12639989363416776,0.08587394565454788,0.16692584161378762,6.113101642859736,1.0673247090950946,0.11530911127170336,6.375424342505725,0.13018694326721866,0.02859028161142894,0.0009191283500356907
IM,front,1.0073389155797376,0.9746537095437815,0.9499498535274543,0.08254607016919653,0.04801359608017986,0.1170785442582132,4.685077709169963,1.0352750766193852,0.0780902979000429,5.805590585779735,0.08837079028379596,0.04929220171511821,0.0024976913960592434
IM,next,1.0340073492963786,0.9655205857058398,0.9322300014217477,0.09908018252575594,0.056543097509830796,0.14161726754168108,4.565277316474172,1.0611019948267373,0.09295838279694131,6.789913055633932,0.10295246345400795,0.050441640298981905,0.0008311246479089799
IM,far,1.0436170520192678,0.9638254177308234,0.9289594358639962,0.09202765487628115,0.04523835341861324,0.13881695633394903,3.8549600767684358,1.072395916443809,0.08458373289084375,6.215018136474088,0.09487443226890745,0.05132488135794404,0.0003776847684177302
IM,carry,1.0224012707876364,0.9690355705369027,0.9390299369657807,0.08890536360704819,0.04617018320134238,0.13164054401275402,4.077467534897483,1.0425811858110905,0.0842220548909475,5.410579481618712,0.09181735075926183,0.05118017619890314,0.0009851899862554716
IM,liquid,1.0342507158438996,0.9655532874885994,0.9322931509800422,0.09829065542027013,0.05582391855652911,0.14075739228401116,4.536400930890722,1.0611954710515739,0.09284828230396437,6.7896706969339515,0.10229027391875856,0.05037260511444342,0.0008815464391306987
