product,rule,start,end,observations,total_return,cagr,volatility,sharpe,max_drawdown,worst_day,best_day,calmar,dd_peak,dd_trough,dd_recovery,rolls,mean_leverage
IC,front,2015-04-16,2026-09-07,2771,2.474374463665697,0.11549186457435034,0.2925430462355981,0.4660294159060408,-0.5025856161901445,-0.12416666666666665,0.10146678170836942,0.22979540371616208,2015-06-12,2015-09-01,2017-09-05,136,0.9996799026048931
IC,next,2015-04-16,2026-09-07,2771,2.340842156337175,0.11166185211960244,0.2989363247662233,0.4503817207492837,-0.527674947639966,-0.12241957383136137,0.12242135722953429,0.21161105453084655,2015-06-12,2015-09-01,2020-02-25,45,0.9996805000998283
IC,far,2015-04-16,2026-09-07,2771,1.9276750879001696,0.09885717844975495,0.30482902335923817,0.40806782290146043,-0.5850925568161864,-0.1149481146908321,0.1285026480500724,0.1689598975377362,2015-06-02,2015-09-02,2020-07-06,22,0.9995838874618846
IC,carry,2015-04-16,2026-09-07,2771,2.240470032458755,0.1086898852432836,0.2979171495936025,0.44160677701607937,-0.5148859368118315,-0.12416666666666665,0.12242135722953429,0.2110950746029116,2015-06-12,2015-09-01,2020-02-25,66,0.999666623891779
IC,liquid,2015-04-16,2026-09-07,2771,2.405005676824663,0.11351930653004083,0.2983779278871046,0.45647433469231663,-0.5148859368118315,-0.12416666666666665,0.12242135722953429,0.22047466907515717,2015-06-12,2015-09-01,2020-02-21,50,0.9996873827741088
IC,spot_price,2015-04-16,2026-09-07,2771,-0.019302106017503262,-0.001709019335786932,0.25603861738293254,0.04397702570283446,-0.6519575364047289,-0.09553844837909509,0.10411079518693045,-0.0026213660251731326,2015-06-12,2018-10-18,unrecovered,136,0.9996799026048931
IM,front,2022-07-22,2026-09-07,1001,0.5608846193768724,0.1138738238495578,0.2591589648644294,0.4848382224719992,-0.3983199140916548,-0.09960443551001885,0.10352918641957576,0.2858853394494231,2022-08-18,2024-02-05,2024-11-11,49,0.9988481504688109
IM,next,2022-07-22,2026-09-07,1001,0.6053417460478672,0.12147639960909484,0.2692871271251396,0.502618669176167,-0.4028183633808726,-0.09934016379853439,0.1295060080106809,0.3015661912469381,2023-04-07,2024-02-05,2024-11-07,16,0.9988791705191519
IM,far,2022-07-22,2026-09-07,1001,0.5668381032755767,0.11490136347592905,0.272376766898953,0.47749200045563034,-0.4072069498145021,-0.09978507829290761,0.12950600801068068,0.2821694559198238,2023-04-17,2024-02-05,2024-11-07,7,0.9988696888635963
IM,carry,2022-07-22,2026-09-07,1001,0.5671214501234882,0.11495019382573202,0.2648483753655885,0.4837564690579478,-0.38807451469167575,-0.09934016379853439,0.10352918641957576,0.2962065002311725,2022-08-18,2024-02-05,2024-11-07,19,0.9988483633408476
IM,liquid,2022-07-22,2026-09-07,1001,0.6036394830414791,0.12118825351032325,0.2693196557932225,0.5015983537540516,-0.40281836338087373,-0.0993401637985345,0.1295060080106809,0.3008508661153987,2023-04-07,2024-02-05,2024-11-07,17,0.9988814062051058
IM,spot_price,2022-07-22,2026-09-07,1001,0.08596935149120122,0.020176486873383137,0.2517476592500123,0.12907069123204704,-0.4160232553078035,-0.11394331367700217,0.11143710429791853,0.04849845919900594,2022-08-18,2024-02-05,2025-08-22,49,0.9988481504688109
