product,rule,discount_mean,discount_median,discount_fraction,annualized_discount_median,dte_mean
IC,front,0.008744350929472601,0.006201895066082153,0.8942619992782389,0.10710951047086106,22.694334175387947
IC,next,0.0171142076914376,0.012556160919824144,0.9462287982677734,0.09952238623734867,51.97076867556839
IC,far,0.028955307394302996,0.021385051577486935,0.9750992421508481,0.09397232301414256,101.07578491519307
IC,carry,0.01735933182077534,0.011738448901586152,0.9487549621075424,0.10152322067215636,62.25153374233129
IC,liquid,0.016078273448667316,0.012349244489626154,0.9440635149765427,0.09952238623734867,50.22230241789968
IM,front,0.005848294667038467,0.005257044641238662,0.8861138861138861,0.09384000436272752,22.64835164835165
IM,next,0.012909273516572211,0.010441634807042854,0.961038961038961,0.0977044770828135,51.613386613386616
IM,far,0.02402248419942142,0.01916749060424161,0.972027972027972,0.09004132397393022,101.42757242757243
IM,carry,0.018799660258224573,0.014962275228554867,0.961038961038961,0.09550818432237136,77.71828171828172
IM,liquid,0.012811183607394706,0.01027184449338081,0.961038961038961,0.09773078085373446,51.22177822177822
