product,rule,label,start,end,observations,total_return,cagr,volatility,sharpe,max_drawdown,worst_day,best_day,calmar,dd_peak,dd_trough,dd_recovery,rolls,mean_leverage,correlation_to_spot
IC,front,point_matched_spot_hedge_diagnostic,2015-04-16,2026-09-07,2771,2.9195255431987346,0.12735619845112423,0.0985198612689906,1.107070287947079,-0.13435564642321918,-0.0611460667260058,0.097905292033984,0.9479035815878795,2015-06-01,2015-07-01,2015-09-07,136,0.9996799026048931,0.1479199659783138
IC,next,point_matched_spot_hedge_diagnostic,2015-04-16,2026-09-07,2771,2.788967645109833,0.12400955786450174,0.10515251563161455,1.0143298687507505,-0.1544917112035984,-0.0611032174544536,0.0979635834340327,0.8026939238253018,2015-06-01,2015-07-01,2015-09-08,45,0.9996805000998283,0.14631007169503893
IC,far,point_matched_spot_hedge_diagnostic,2015-04-16,2026-09-07,2771,2.3972687735647247,0.11329703402180491,0.1113263628933281,0.8748903632423509,-0.19206001654308058,-0.0687403100775194,0.1043926737032228,0.5899043229353856,2015-06-02,2015-09-02,2015-12-02,22,0.9995838874618846,0.11818985570572065
IC,carry,point_matched_spot_hedge_diagnostic,2015-04-16,2026-09-07,2771,2.665368471679806,0.12074290716186642,0.10484422629357133,0.9882467240063068,-0.13435564642321918,-0.0611460667260058,0.097905292033984,0.8986813012794956,2015-06-01,2015-07-01,2015-09-08,66,0.999666623891779,0.14701038990077994
IC,liquid,point_matched_spot_hedge_diagnostic,2015-04-16,2026-09-07,2771,2.839092064115848,0.12530667780983729,0.10448273153783293,1.031626963471352,-0.13435564642321918,-0.0611460667260058,0.097905292033984,0.9326491379091154,2015-06-01,2015-07-01,2015-09-08,50,0.9996873827741088,0.15285275287466255
IM,front,point_matched_spot_hedge_diagnostic,2022-07-22,2026-09-07,1001,0.4382109888742176,0.09200828192864652,0.056462327290243496,1.2944995047337473,-0.045799047409883165,-0.0226007981798516,0.0329100336209342,2.0089562366921996,2024-09-27,2024-10-15,2025-04-07,49,0.9988481504688109,0.003042359495951263
IM,next,point_matched_spot_hedge_diagnostic,2022-07-22,2026-09-07,1001,0.48466625222437454,0.10044898842404537,0.06889768451982016,1.1882359522627381,-0.04595135319042587,-0.028085999337334,0.0554887998813232,2.185985426974853,2024-09-27,2024-10-15,2025-04-07,16,0.9988791705191519,0.07334447999511388
IM,far,point_matched_spot_hedge_diagnostic,2022-07-22,2026-09-07,1001,0.445914096596999,0.09342205173155227,0.07180242548149952,1.0502402620408693,-0.04570416417940926,-0.0291382446566624,0.0554887998813232,2.044059954030206,2024-09-27,2024-11-22,2025-04-07,7,0.9988696888635963,0.06359282142144002
IM,carry,point_matched_spot_hedge_diagnostic,2022-07-22,2026-09-07,1001,0.4405042344052901,0.09242976540478409,0.06352410580438157,1.1635811984660251,-0.045951353190425426,-0.028085999337334,0.0318512665804721,2.01146993477535,2024-09-27,2024-10-15,2025-04-07,19,0.9988483633408476,0.009302843922934697
IM,liquid,point_matched_spot_hedge_diagnostic,2022-07-22,2026-09-07,1001,0.48361062137650146,0.10025942302559354,0.06887738885962437,1.1859648155869038,-0.04595135319042565,-0.028085999337334,0.0554887998813232,2.1818600773324657,2024-09-27,2024-10-15,2025-04-07,17,0.9988814062051058,0.0741694028238184
