product,leverage,margin_rate,initial_target_usage,initial_feasible,breach_days,first_breach,max_eod_usage,min_intraday_buffer
IC,0.5,0.08,0.04,True,0,,0.04110792205136083,0.832820193422821
IC,0.5,0.12,0.06,True,0,,0.06166188307704124,0.8159371536715816
IC,0.5,0.15,0.075,True,0,,0.07707735384630156,0.803274873858152
IC,0.5,0.2,0.1,True,0,,0.10276980512840207,0.7821710741691027
IC,0.5,0.3,0.15,True,0,,0.15415470769260312,0.7399634747910042
IC,0.5,0.4,0.2,True,0,,0.20553961025680414,0.6977558754129057
IC,1.0,0.08,0.08,True,0,,0.08001614178617546,0.6465550022589578
IC,1.0,0.12,0.12,True,0,,0.12002421267926316,0.6184439152042206
IC,1.0,0.15,0.15,True,0,,0.15003026584907897,0.5973605999131676
IC,1.0,0.2,0.2,True,0,,0.20004035446543864,0.5622217410947459
IC,1.0,0.3,0.3,True,0,,0.30006053169815794,0.49194402345790267
IC,1.0,0.4,0.4,True,0,,0.40008070893087727,0.42166630582105946
IC,1.5,0.08,0.12,True,0,,0.12176375329981232,0.4662683546810821
IC,1.5,0.12,0.18,True,0,,0.18264562994971847,0.4334868827808196
IC,1.5,0.15,0.22499999999999998,True,0,,0.22830703743714809,0.40890077885562265
IC,1.5,0.2,0.30000000000000004,True,0,,0.3044093832495308,0.3679239389802945
IC,1.5,0.3,0.44999999999999996,True,0,,0.45661407487429617,0.2859702592296383
IC,1.5,0.4,0.6000000000000001,True,0,,0.6088187664990616,0.204016579478982
IC,2.0,0.08,0.16,True,0,,0.16477396993366356,0.311164830157273
IC,2.0,0.12,0.24,True,0,,0.2471609549004953,0.279526970367619
IC,2.0,0.15,0.3,True,0,,0.3089511936256191,0.25579857552537844
IC,2.0,0.2,0.4,True,0,,0.4119349248341589,0.21625125078831092
IC,2.0,0.3,0.6,True,0,,0.6179023872512382,0.13466649338959488
IC,2.0,0.4,0.8,True,0,,0.8238698496683178,0.041292157691679286
IC,2.5,0.08,0.2,True,0,,0.20908760676891525,0.191157213558487
IC,2.5,0.12,0.3,True,0,,0.31363141015337287,0.16461540360347085
IC,2.5,0.15,0.375,True,0,,0.3920392626917161,0.14470904613720872
IC,2.5,0.2,0.5,True,0,,0.5227190169222882,0.1110655787844681
IC,2.5,0.3,0.75,True,0,,0.7840785253834321,0.02589561812180849
IC,2.5,0.4,1.0,False,2623,2015-04-20,1.0454380338445763,-0.46428694674761745
IC,3.0,0.08,0.24,True,0,,0.2547651089353677,0.10736839985996133
IC,3.0,0.12,0.36,True,0,,0.3821476634030515,0.08765559708761844
IC,3.0,0.15,0.44999999999999996,True,0,,0.4776845792538144,0.07228207867936157
IC,3.0,0.2,0.6000000000000001,True,0,,0.6369127723384193,0.039111596581161624
IC,3.0,0.3,0.8999999999999999,True,74,2015-05-28,0.9553691585076288,-0.28678297976800576
IC,3.0,0.4,1.2000000000000002,False,2771,2015-04-17,1.2738255446768385,-1.0414283265701636
IC,4.0,0.08,0.32,True,0,,0.3504726138172454,0.020087417318577112
IC,4.0,0.12,0.48,True,0,,0.5257089207258681,0.013055523618080022
IC,4.0,0.15,0.6,True,1,2015-07-07,0.6571361509073351,-0.011485579855013498
IC,4.0,0.2,0.8,True,45,2015-05-28,0.8761815345431136,-0.40667201699444727
IC,4.0,0.3,1.2,False,2771,2015-04-17,1.3142723018146703,-1.7508716790368832
IC,4.0,0.4,1.6,False,2771,2015-04-17,1.7523630690862273,-3.0950713410793207
IC,5.0,0.08,0.4,True,0,,0.4524609749922557,0.0006225508651430457
IC,5.0,0.12,0.6,True,16,2015-06-04,0.6786914624883835,-0.12283772702844814
IC,5.0,0.15,0.75,True,54,2015-05-28,0.8483643281104793,-0.7802623127479859
IC,5.0,0.2,1.0,False,2621,2015-04-20,1.1311524374806394,-1.875969955613882
IC,5.0,0.3,1.5,False,2771,2015-04-17,1.6967286562209587,-4.067385241345675
IC,5.0,0.4,2.0,False,2771,2015-04-17,2.262304874961279,-6.258800527077467
IM,0.5,0.08,0.04,True,0,,0.0404807498289937,0.7699432884492214
IM,0.5,0.12,0.06,True,0,,0.06072112474349055,0.7547298648903482
IM,0.5,0.15,0.075,True,0,,0.07590140592936317,0.7433197972211932
IM,0.5,0.2,0.1,True,0,,0.10120187457248425,0.7243030177726016
IM,0.5,0.3,0.15,True,0,,0.15180281185872635,0.6846419698562907
IM,0.5,0.4,0.2,True,0,,0.2024037491449685,0.6446400870797223
IM,1.0,0.08,0.08,True,0,,0.08001607159361215,0.5793605492803325
IM,1.0,0.12,0.12,True,0,,0.12002410739041823,0.5541709601811876
IM,1.0,0.15,0.15,True,0,,0.15003013423802278,0.5352787683568291
IM,1.0,0.2,0.2,True,0,,0.20004017898403037,0.5037917819828979
IM,1.0,0.3,0.3,True,0,,0.30006026847604556,0.4408178092350357
IM,1.0,0.4,0.4,True,0,,0.40008035796806074,0.3778438364871734
IM,1.5,0.08,0.12,True,0,,0.12091726386502474,0.4250179644675218
IM,1.5,0.12,0.18,True,0,,0.18137589579753713,0.3942123383885463
IM,1.5,0.15,0.22499999999999998,True,0,,0.22671986974692138,0.3711081188293146
IM,1.5,0.2,0.30000000000000004,True,0,,0.3022931596625619,0.3326010862305952
IM,1.5,0.3,0.44999999999999996,True,0,,0.45343973949384275,0.25558702103315634
IM,1.5,0.4,0.6000000000000001,True,0,,0.6045863193251239,0.17857295583571745
IM,2.0,0.08,0.16,True,0,,0.1624649004487045,0.30322201482156913
IM,2.0,0.12,0.24,True,0,,0.24369735067305678,0.2702455862633203
IM,2.0,0.15,0.3,True,0,,0.304621688341321,0.24551326484463365
IM,2.0,0.2,0.4,True,0,,0.40616225112176135,0.20429272914682256
IM,2.0,0.3,0.6,True,0,,0.609243376682642,0.12185165775120044
IM,2.0,0.4,0.8,True,0,,0.8123245022435227,0.03941058635557829
IM,2.5,0.08,0.2,True,0,,0.20465760692923796,0.20962108663178328
IM,2.5,0.12,0.3,True,0,,0.3069864103938569,0.17704135813856084
IM,2.5,0.15,0.375,True,0,,0.38373301299232115,0.152606561768644
IM,2.5,0.2,0.5,True,0,,0.5116440173230948,0.11188190115211592
IM,2.5,0.3,0.75,True,0,,0.7674660259846423,0.03043257991905981
IM,2.5,0.4,1.0,False,945,2022-07-26,1.0232880346461897,-0.1868984322765598
IM,3.0,0.08,0.24,True,0,,0.24751054079110604,0.13968844761364946
IM,3.0,0.12,0.36,True,0,,0.37126581118665913,0.1092777066563284
IM,3.0,0.15,0.44999999999999996,True,0,,0.46408226398332386,0.0864696509383376
IM,3.0,0.2,0.6000000000000001,True,0,,0.6187763519777651,0.048456224741686225
IM,3.0,0.3,0.8999999999999999,True,13,2022-11-08,0.9281645279666477,-0.10193871890298324
IM,3.0,0.4,1.2000000000000002,False,1001,2022-07-25,1.2375527039555303,-0.6552669394062277
IM,4.0,0.08,0.32,True,0,,0.33526013193437154,0.053533219370377264
IM,4.0,0.12,0.48,True,0,,0.5028901979015573,0.03018125611459423
IM,4.0,0.15,0.6,True,0,,0.6286127473769466,0.012667283672756947
IM,4.0,0.2,0.8,True,7,2022-11-08,0.8381503298359289,-0.10443163723359825
IM,4.0,0.3,1.2,False,1001,2022-07-25,1.2572254947538932,-0.6152494257017981
IM,4.0,0.4,1.6,False,1001,2022-07-25,1.6763006596718577,-1.4957580327896551
IM,5.0,0.08,0.4,True,0,,0.4258448518625126,0.014309560112671845
IM,5.0,0.12,0.6,True,4,2022-11-08,0.6387672777937689,-0.030300279794939374
IM,5.0,0.15,0.75,True,7,2022-11-08,0.7984590972422112,-0.14131178785428222
IM,5.0,0.2,1.0,False,945,2022-07-26,1.0646121296562814,-0.3263309679531869
IM,5.0,0.3,1.5,False,1001,2022-07-25,1.5969181944844224,-0.8649789193946531
IM,5.0,0.4,2.0,False,1001,2022-07-25,2.1292242593125628,-1.6037432684398238
