product,leverage,margin_rate,initial_target_usage,initial_feasible,breach_days,first_breach,max_eod_usage,min_intraday_buffer
IC,0.5,0.08,0.04,True,0,,0.042833312663332464,0.8220257895330816
IC,0.5,0.12,0.06,True,0,,0.06424996899499869,0.8053697879732471
IC,0.5,0.15,0.075,True,0,,0.08031246124374837,0.7928777868033713
IC,0.5,0.2,0.1,True,0,,0.10708328165833116,0.7720577848535782
IC,0.5,0.3,0.15,True,0,,0.16062492248749674,0.7304177809539921
IC,0.5,0.4,0.2,True,0,,0.2141665633166623,0.688777777054406
IC,1.0,0.08,0.08,True,0,,0.08365224436796427,0.6258606668549598
IC,1.0,0.12,0.12,True,0,,0.12547836655194639,0.5986493335134397
IC,1.0,0.15,0.15,True,0,,0.156847958189933,0.5782408335072998
IC,1.0,0.2,0.2,True,0,,0.2091306109199107,0.5442266668303998
IC,1.0,0.3,0.3,True,0,,0.313695916379866,0.4761983334765998
IC,1.0,0.4,0.4,True,0,,0.4182612218398214,0.40817000012279975
IC,1.5,0.08,0.12,True,0,,0.12791968090533926,0.43924814432347137
IC,1.5,0.12,0.18,True,0,,0.19187952135800887,0.40830730626279743
IC,1.5,0.15,0.22499999999999998,True,0,,0.23984940169751107,0.38510167771729203
IC,1.5,0.2,0.30000000000000004,True,0,,0.3197992022633482,0.3464256301414496
IC,1.5,0.3,0.44999999999999996,True,0,,0.47969880339502213,0.26907353498976494
IC,1.5,0.4,0.6000000000000001,True,0,,0.6395984045266964,0.19172143983808015
IC,2.0,0.08,0.16,True,0,,0.18257292092190466,0.2823305387115577
IC,2.0,0.12,0.24,True,0,,0.2738593813828569,0.2534551962165339
IC,2.0,0.15,0.3,True,0,,0.3423242267285712,0.23179868934526607
IC,2.0,0.2,0.4,True,0,,0.4564323023047616,0.1957045112264863
IC,2.0,0.3,0.6,True,0,,0.6846484534571424,0.12289589537822078
IC,2.0,0.4,0.8,True,0,,0.9128646046095232,0.03767075111137987
IC,2.5,0.08,0.2,True,0,,0.2468445801065325,0.16452626360312436
IC,2.5,0.12,0.3,True,0,,0.3702668701597987,0.14138604722323944
IC,2.5,0.15,0.375,True,0,,0.4628335876997484,0.1240308849383257
IC,2.5,0.2,0.5,True,0,,0.6171114502663313,0.09510561446346953
IC,2.5,0.3,0.75,True,0,,0.9256671753994968,0.024039326953247377
IC,2.5,0.4,1.0,False,2432,2015-04-17,1.2342229005326626,-0.36741498687249163
IC,3.0,0.08,0.24,True,0,,0.32537055206346654,0.08560753651263205
IC,3.0,0.12,0.36,True,0,,0.48805582809519976,0.06950112082336052
IC,3.0,0.15,0.44999999999999996,True,0,,0.6100697851189997,0.05742130905640686
IC,3.0,0.2,0.6000000000000001,True,0,,0.8134263801586663,0.03193743679505431
IC,3.0,0.3,0.8999999999999999,True,77,2015-05-28,1.2201395702379993,-0.28573899995597524
IC,3.0,0.4,1.2000000000000002,False,2771,2015-04-17,1.6268527603173326,-1.0389332650080338
IC,4.0,0.08,0.32,True,0,,0.5664388408815142,0.012295995706571132
IC,4.0,0.12,0.48,True,0,,0.8496582613222712,0.00606682276583474
IC,4.0,0.15,0.6,True,4,2015-07-07,1.062072826652839,-0.011392670760574378
IC,4.0,0.2,0.8,True,48,2015-05-28,1.4160971022037854,-0.40499703837703727
IC,4.0,0.3,1.2,False,2771,2015-04-17,2.124145653305678,-1.7480914745280307
IC,4.0,0.4,1.6,False,2771,2015-04-17,2.8321942044075707,-3.0911859106790254
IC,5.0,0.08,0.4,True,2,2015-07-08,1.369011534014954,-0.01893430025128003
IC,5.0,0.12,0.6,True,16,2015-06-04,2.053517301022431,-0.12013095560133755
IC,5.0,0.15,0.75,True,57,2015-05-28,2.566896626278038,-0.778988988993439
IC,5.0,0.2,1.0,False,2427,2015-04-17,3.422528835037385,-1.877085711313609
IC,5.0,0.3,1.5,False,2771,2015-04-17,5.133793252556076,-4.073279155953948
IC,5.0,0.4,2.0,False,2771,2015-04-17,6.84505767007477,-6.337142233982847
IM,0.5,0.08,0.04,True,0,,0.04181890517652961,0.7668086474425987
IM,0.5,0.12,0.06,True,0,,0.06272835776479439,0.7516592337116609
IM,0.5,0.15,0.075,True,0,,0.07841044720599301,0.7402971734134575
IM,0.5,0.2,0.1,True,0,,0.10454726294132402,0.7213604062497853
IM,0.5,0.3,0.15,True,0,,0.15682089441198602,0.6819628576739425
IM,0.5,0.4,0.2,True,0,,0.20909452588264804,0.6421240977406694
IM,1.0,0.08,0.08,True,0,,0.08036976471606215,0.5745485215618021
IM,1.0,0.12,0.12,True,0,,0.12055464707409323,0.5495681510591152
IM,1.0,0.15,0.15,True,0,,0.15069330884261653,0.5308328731820998
IM,1.0,0.2,0.2,True,0,,0.20092441179015538,0.499607410053741
IM,1.0,0.3,0.3,True,0,,0.30138661768523306,0.4371564837970234
IM,1.0,0.4,0.4,True,0,,0.40184882358031077,0.37470555754030577
IM,1.5,0.08,0.12,True,0,,0.1270898232161734,0.41956967963643454
IM,1.5,0.12,0.18,True,0,,0.19063473482426008,0.38914303776986686
IM,1.5,0.15,0.22499999999999998,True,0,,0.2382934185303251,0.36632305636994106
IM,1.5,0.2,0.30000000000000004,True,0,,0.3177245580404335,0.3282897540367314
IM,1.5,0.3,0.44999999999999996,True,0,,0.4765868370606502,0.25222314937031215
IM,1.5,0.4,0.6000000000000001,True,0,,0.635449116080867,0.1761565447038928
IM,2.0,0.08,0.16,True,0,,0.1801584644266412,0.29782747061974646
IM,2.0,0.12,0.24,True,0,,0.2702376966399618,0.26538570064631833
IM,2.0,0.15,0.3,True,0,,0.3377971207999522,0.24105437316624723
IM,2.0,0.2,0.4,True,0,,0.450396161066603,0.20050216069946203
IM,2.0,0.3,0.6,True,0,,0.6755942415999044,0.11939773576589166
IM,2.0,0.4,0.8,True,0,,0.900792322133206,0.03829331083232127
IM,2.5,0.08,0.2,True,0,,0.24047849768266738,0.20469523953543403
IM,2.5,0.12,0.3,True,0,,0.36071774652400107,0.17276892869237898
IM,2.5,0.15,0.375,True,0,,0.45089718315500127,0.14882419556008772
IM,2.5,0.2,0.5,True,0,,0.6011962442066685,0.1089163070062689
IM,2.5,0.3,0.75,True,0,,0.9017943663100025,0.029100529898631294
IM,2.5,0.4,1.0,False,880,2022-07-25,1.202392488413337,-0.16481526675184202
IM,3.0,0.08,0.24,True,0,,0.3097114767363257,0.13544159494037655
IM,3.0,0.12,0.36,True,0,,0.4645672151044886,0.1057562174193209
IM,3.0,0.15,0.44999999999999996,True,0,,0.5807090188806108,0.08349218427852916
IM,3.0,0.2,0.6000000000000001,True,0,,0.7742786918408144,0.046385462377209564
IM,3.0,0.3,0.8999999999999999,True,13,2022-11-08,1.1614180377612215,-0.10180790658406373
IM,3.0,0.4,1.2000000000000002,False,1001,2022-07-25,1.5485573836816289,-0.5680878923677325
IM,4.0,0.08,0.32,True,0,,0.48456000640806723,0.05075616819358004
IM,4.0,0.12,0.48,True,0,,0.7268400096121008,0.02813784431354373
IM,4.0,0.15,0.6,True,0,,0.908550012015126,0.011174101403516497
IM,4.0,0.2,0.8,True,7,2022-11-08,1.2114000160201683,-0.10605566051674467
IM,4.0,0.3,1.2,False,1001,2022-07-25,1.817100024030252,-0.49879705408482533
IM,4.0,0.4,1.6,False,1001,2022-07-25,2.4228000320403367,-1.2074682101177014
IM,5.0,0.08,0.4,True,0,,0.7346052153162337,0.012727138889516022
IM,5.0,0.12,0.6,True,4,2022-11-08,1.1019078229743506,-0.037056884363636744
IM,5.0,0.15,0.75,True,8,2022-11-08,1.377384778717938,-0.1439384886982697
IM,5.0,0.2,1.0,False,884,2022-07-25,1.8365130382905845,-0.32207449592265797
IM,5.0,0.3,1.5,False,1001,2022-07-25,2.754769557435876,-0.7880262255805149
IM,5.0,0.4,2.0,False,1001,2022-07-25,3.673026076581169,-1.3726343952087905
