product,rule,year,return_net,spot_return,basis_contribution,cost,days
IC,front,2015,0.1513489620490458,-0.04532449384974491,0.2806128731713405,0.001724877718664657,176
IC,front,2016,0.07926532688894672,-0.1777520481930852,0.2870630742679264,0.0023964840946484956,244
IC,front,2017,0.11874035907695268,-0.002045139958772091,0.11853106643254444,0.0024010292007999256,244
IC,front,2018,-0.2859357096158409,-0.3332010840177735,0.07857045820742653,0.0024051398366895464,243
IC,front,2019,0.39116454417777313,0.26382184432011746,0.10421421911653565,0.0024074521856223344,244
IC,front,2020,0.35221360434760096,0.20871696350941837,0.11685354936188765,0.0023954117291672588,243
IC,front,2021,0.2725660159957106,0.15584621594413117,0.09666373209312644,0.002407138169436272,243
IC,front,2022,-0.16740419574644794,-0.2031320488083207,0.049189483312506915,0.002405803477293426,242
IC,front,2023,-0.06089421915928517,-0.07421642535471706,0.016947695879670953,0.0023995058460452336,242
IC,front,2024,0.09170223014666146,0.05461179577952113,0.04984300599804986,0.002406254101863131,242
IC,front,2025,0.46450248708259334,0.303863437500552,0.11924154371597438,0.0023981337787205227,243
IC,front,2026,0.0838804858577673,0.03935399440364673,0.04603008021895835,0.001607443321748453,165
IC,next,2015,0.11700074247184089,-0.04532449384974491,0.25360405138163644,0.0007022000918286881,176
IC,next,2016,0.07431185213380198,-0.1777520481930852,0.2895596545699093,0.0007942738313546265,244
IC,next,2017,0.1308822493989661,-0.002045139958772091,0.12734560764778433,0.0008004966668090099,244
IC,next,2018,-0.3009555528620599,-0.3332010840177735,0.060575476094043804,0.0008002482681554301,243
IC,next,2019,0.38474515566960465,0.26382184432011746,0.1001718668781644,0.0007991992279976054,244
IC,next,2020,0.3815891343510913,0.20871696350941837,0.1324786735460889,0.0007888432224525556,243
IC,next,2021,0.3090488941812837,0.15584621594413117,0.12325995785495968,0.0008006871342786494,243
IC,next,2022,-0.14857484245129027,-0.2031320488083207,0.07134369399060636,0.0007973094348112404,242
IC,next,2023,-0.051888267327540594,-0.07421642535471706,0.024775025826253697,0.0007994800782053452,242
IC,next,2024,0.10450673147431178,0.05461179577952113,0.06229934484650817,0.0008003214557007699,242
IC,next,2025,0.4533493317245554,0.303863437500552,0.10869450709080894,0.0008002546977591576,243
IC,next,2026,0.08070284463614441,0.03935399440364673,0.04191304419541088,0.00040381913418107785,165
IC,far,2015,0.00852042188744373,-0.04532449384974491,0.16502575180463408,0.0003016568924273142,176
IC,far,2016,0.05505809272430939,-0.1777520481930852,0.2980213695854141,0.00039680611936252825,244
IC,far,2017,0.11573158697865327,-0.002045139958772091,0.11014150068515241,0.00040046588145047524,244
IC,far,2018,-0.3090258916647127,-0.3332010840177735,0.052700153312294544,0.0003995560783185904,243
IC,far,2019,0.40431175769761674,0.26382184432011746,0.10968648068977441,0.00040296291500519963,244
IC,far,2020,0.34181841217985154,0.20871696350941837,0.10224577822370005,0.00039872988191032706,243
IC,far,2021,0.3003551210936475,0.15584621594413117,0.11337284596745512,0.0003998022999425569,243
IC,far,2022,-0.1358419488268121,-0.2031320488083207,0.08779615586998545,0.0003990398206510608,242
IC,far,2023,-0.0393376366788466,-0.07421642535471706,0.03692092827659391,0.00040024691105260493,242
IC,far,2024,0.09358597773834232,0.05461179577952113,0.056354164983499315,0.0003982419995232396,242
IC,far,2025,0.447150011968223,0.303863437500552,0.09750499445276206,0.0004003658871118855,243
IC,far,2026,0.09815037473240618,0.03935399440364673,0.05850821178286487,0.00020155480024084104,165
IC,carry,2015,0.1853553678791633,-0.04532449384974491,0.30932517542818894,0.001314824361053273,176
IC,carry,2016,0.08141300529930606,-0.1777520481930852,0.2981277930056695,0.0016004927479650842,244
IC,carry,2017,0.12185464643487798,-0.002045139958772091,0.12156766576727124,0.0018004020491131124,244
IC,carry,2018,-0.28309302882500953,-0.3332010840177735,0.08452111650401867,0.0018016693872029811,243
IC,carry,2019,0.35201318072760057,0.26382184432011746,0.07593734416536331,0.0008045278999418077,244
IC,carry,2020,0.30319325265109587,0.20871696350941837,0.08103175154145928,0.0005980921953968917,243
IC,carry,2021,0.31828805518853387,0.15584621594413117,0.1265669621241215,0.0006023592160944683,243
IC,carry,2022,-0.13637050575250986,-0.2031320488083207,0.08713180230245016,0.001197901521633034,242
IC,carry,2023,-0.0513746818148465,-0.07421642535471706,0.025472754603605832,0.0003987487712142361,242
IC,carry,2024,0.09782615322458188,0.05461179577952113,0.05657591283519642,0.0012011948844446426,242
IC,carry,2025,0.4615023435736736,0.303863437500552,0.11536659216480152,0.0013992307144393922,243
IC,carry,2026,0.09140417413496116,0.03935399440364673,0.053075362301131024,0.0006031973986270035,165
IC,liquid,2015,0.16368284851828374,-0.04532449384974491,0.29139440406055805,0.0011140958165185635,176
IC,liquid,2016,0.0753978927284622,-0.1777520481930852,0.29155409414442535,0.001400841605442087,244
IC,liquid,2017,0.13088224939896587,-0.002045139958772091,0.12734560764778424,0.0008004966668090097,244
IC,liquid,2018,-0.3009555528620571,-0.3332010840177735,0.0605754760940442,0.0008002482681554302,243
IC,liquid,2019,0.3847451556696082,0.26382184432011746,0.1001718668781642,0.0007991992279976054,244
IC,liquid,2020,0.3815891343510933,0.20871696350941837,0.13247867354608903,0.0007888432224525557,243
IC,liquid,2021,0.309048894181287,0.15584621594413117,0.12325995785495988,0.0008006871342786492,243
IC,liquid,2022,-0.1485748424512915,-0.2031320488083207,0.07134369399060647,0.0007973094348112404,242
IC,liquid,2023,-0.051888267327537596,-0.07421642535471706,0.02477502582625371,0.000799480078205345,242
IC,liquid,2024,0.10450673147430689,0.05461179577952113,0.06229934484650815,0.00080032145570077,242
IC,liquid,2025,0.45334933172455716,0.303863437500552,0.10869450709080895,0.0008002546977591576,243
IC,liquid,2026,0.07580300793470252,0.03935399440364673,0.03764710910495638,0.00040498690753717613,165
IM,front,2022,-0.06860200921583504,-0.10744043559314032,0.04569487560200145,0.0011089056890257166,109
IM,front,2023,-0.03853882977536904,-0.0627831673994863,0.028155349630794985,0.0023992770906664045,242
IM,front,2024,0.08287069416616633,0.01197165394990396,0.08978184156086932,0.002406331031773004,242
IM,front,2025,0.44791945715062975,0.2748635384006042,0.1275045528072541,0.0023981706032033933,243
IM,front,2026,0.06522086216789069,0.005803604343755042,0.05989179735970686,0.0016087008530087559,165
IM,next,2022,-0.060718662773037946,-0.10744043559314032,0.05466475364618821,0.0005009503738421362,109
IM,next,2023,-0.02390805821708686,-0.0627831673994863,0.04163003614769675,0.0007992098842756093,242
IM,next,2024,0.09414159549072032,0.01197165394990396,0.10367399681482725,0.0007993068573855005,242
IM,next,2025,0.4588448724358396,0.2748635384006042,0.13237765847589228,0.0007999367210174248,243
IM,next,2026,0.0845416226703688,0.005803604343755042,0.07660361807991925,0.0004020079593391848,165
IM,far,2022,-0.0518325852004079,-0.10744043559314032,0.06557996596180356,9.999006810141619e-05,109
IM,far,2023,-0.02990958366828278,-0.0627831673994863,0.03587299535108649,0.0003985857306049873,242
IM,far,2024,0.08753887465903487,0.01197165394990396,0.09249236319216037,0.0004017338606699634,242
IM,far,2025,0.42499006835305164,0.2748635384006042,0.10986952714159048,0.00040024706639892445,243
IM,far,2026,0.08060044638248165,0.005803604343755042,0.07304747653262635,0.0001996911043281728,165
IM,carry,2022,-0.06234671376489587,-0.10744043559314032,0.054215964548509556,0.0009085556792841045,109
IM,carry,2023,-0.022381790931530587,-0.0627831673994863,0.04173442754429062,0.0009988290595903894,242
IM,carry,2024,0.0675606966085609,0.01197165394990396,0.07399173499628868,0.0008035086184835171,242
IM,carry,2025,0.43574284212513303,0.2748635384006042,0.1148819127246225,0.0010002013779811163,243
IM,carry,2026,0.08776611141410595,0.005803604343755042,0.07989488125779459,0.000202298821174766,165
IM,liquid,2022,-0.06368359231758403,-0.10744043559314032,0.05203438965894751,0.0007012369334171906,109
IM,liquid,2023,-0.023908058217088413,-0.0627831673994863,0.041630036147696656,0.0007992098842756093,242
IM,liquid,2024,0.09414159549071965,0.01197165394990396,0.10367399681482733,0.0007993068573855002,242
IM,liquid,2025,0.4588448724358394,0.2748635384006042,0.1323776584758927,0.0007999367210174248,243
IM,liquid,2026,0.08454162267036724,0.005803604343755042,0.07660361807991935,0.0004020079593391851,165
