product,rule,start,end,observations,total_return,cagr,volatility,sharpe,max_drawdown,worst_day,best_day,calmar,dd_peak,dd_trough,dd_recovery,rolls,mean_leverage,correlation
IC,front,2015-04-16,2026-09-07,2771,2.6069665967164104,0.11916427718439704,0.0987647124948841,1.0280524869028236,-0.1273488663429453,-0.0611460667260058,0.097905292033984,0.9357309617778027,2015-07-06,2015-07-15,2015-09-08,136,0.9996645262201386,0.1382563691003397
IC,next,2015-04-16,2026-09-07,2771,2.7650650784496498,0.12338548588709397,0.10559794674625947,1.0050421726680392,-0.14359762131032583,-0.0611032174544536,0.0979635834340327,0.8592446362356391,2015-06-01,2015-07-01,2015-09-08,45,0.9996500805286276,0.14731257727066818
IC,far,2015-04-16,2026-09-07,2771,2.3730691916783684,0.11259881393732951,0.1113377130011795,0.8689714206164085,-0.1920600165430808,-0.0687403100775194,0.1043926737032228,0.5862688963794428,2015-06-02,2015-09-02,2015-12-02,22,0.9996424137685328,0.11883221582286412
IC,carry,2015-04-16,2026-09-07,2771,2.889832965034857,0.12660410979688175,0.10722309240948304,1.0190228040286566,-0.12310701448810502,-0.0611460667260058,0.097905292033984,1.0284069540904563,2015-06-01,2015-07-01,2015-07-06,66,0.9996222799647896,0.14823104009107954
IC,liquid,2015-04-16,2026-09-07,2771,2.891387509988224,0.1266436148508996,0.10693039226968686,1.021859291805459,-0.12310701448810502,-0.0611460667260058,0.097905292033984,1.0287278541966127,2015-06-01,2015-07-01,2015-07-06,50,0.9996406537557662,0.15282577809836645
IM,front,2022-07-22,2026-09-07,1001,0.39731234037569885,0.0844044200419809,0.05730153328023067,1.1495870200468454,-0.05072529892969613,-0.0226007981798516,0.0329100336209342,1.6639511609180087,2024-09-27,2024-11-11,2025-05-29,49,0.9990382564051886,0.015701380851774412
IM,next,2022-07-22,2026-09-07,1001,0.4860884385777773,0.1007042167672425,0.0690942062377576,1.1885416054062827,-0.04595135319042565,-0.028085999337334,0.0554887998813232,2.1915397431261083,2024-09-27,2024-10-15,2025-04-07,16,0.9990081074328496,0.0749779919266023
IM,far,2022-07-22,2026-09-07,1001,0.44056946848777656,0.09244174756094603,0.07207485721134735,1.0336024292360326,-0.04791211583486987,-0.0291382446566624,0.0554887998813232,1.9294023223593064,2023-08-09,2024-01-22,2024-02-06,7,0.9990081394563387,0.06349726170325098
IM,carry,2022-07-22,2026-09-07,1001,0.4223978970090001,0.08908799050251592,0.06508746329774477,1.0882611978435985,-0.04595135319042576,-0.0282891188229647,0.031851266580472,1.9387457456003263,2024-09-27,2024-10-15,2025-06-17,19,0.9990161354467612,0.012508199859486587
IM,liquid,2022-07-22,2026-09-07,1001,0.48189472800164657,0.0999510724621393,0.0690814981501759,1.1784447306376045,-0.04595135319042576,-0.028085999337334,0.0554887998813232,2.175149707734063,2024-09-27,2024-10-15,2025-04-07,17,0.9990109886713646,0.07611116663015503
