product,capital,target_leverage,start,end,observations,total_return,cagr,volatility,sharpe,max_drawdown,worst_day,best_day,calmar,dd_peak,dd_trough,dd_recovery,rolls,mean_leverage
IC,1000000.0,1,2015-04-16,2026-09-07,2771,1.2553276600000003,0.07398217728440248,0.1588647388093139,0.41943097556217473,-0.28111024141603025,-0.0904219700851363,0.06631939120321251,0.26317851997043484,2021-12-31,2024-02-05,2025-08-12,136,0.552812281533642
IC,1000000.0,2,2015-04-16,2026-09-07,2771,3.475348135999994,0.14055294109820826,0.4700701203820066,0.4843241396758724,-0.6676546769243876,-0.1876115614034548,0.1947016350529509,0.21051742158937348,2015-06-12,2015-09-01,2020-07-02,136,1.6454470349601364
IC,5000000.0,1,2015-04-16,2026-09-07,2771,2.1002409071999977,0.10439396152186786,0.2642990836944946,0.44662155509248697,-0.48549422693964817,-0.11187626346071888,0.09395228215172002,0.21502616453325013,2015-06-12,2015-09-01,2020-01-20,136,0.9223817255842752
IC,5000000.0,2,2015-04-16,2026-09-07,2771,2.1551049007999903,0.10609542929656945,0.668265184534324,0.45545836840621284,-0.8912685361841515,-0.45731109607189135,0.8968871060371404,0.11903867912896715,2015-06-12,2015-07-08,2021-09-07,136,1.8896658687910615
IC,10000000.0,1,2015-04-16,2026-09-07,2771,2.1788060980000017,0.10682212688940429,0.2764950677961441,0.4471899745062325,-0.48549422693964817,-0.11187626346071888,0.09926281320466357,0.22002759448400888,2015-06-12,2015-09-01,2020-01-07,136,0.9617465289009716
IC,10000000.0,2,2015-04-16,2026-09-07,2771,2.0674780911999906,0.10336475991640715,0.7087531883228351,0.45452696265259174,-0.9126577083384583,-0.5178896636626845,1.1433199554404676,0.1132568749181861,2015-06-12,2015-07-08,2021-09-09,136,1.9457826938059315
IM,1000000.0,1,2022-07-22,2026-09-07,1001,0.8391063360000004,0.15901739107049195,0.1921787668370749,0.7902261979620679,-0.1792321230083096,-0.09313173917423256,0.08172621086789156,0.8872147938744193,2026-05-13,2026-07-30,unrecovered,49,0.5056377427020592
IM,1000000.0,2,2022-07-22,2026-09-07,1001,0.4371053880000002,0.09180489777084744,0.3600666220961909,0.3778714598166502,-0.5125230521493326,-0.1381243431821918,0.16481619072535647,0.1791234509079183,2022-08-18,2024-02-05,2025-03-14,49,1.2850811897559695
IM,5000000.0,1,2022-07-22,2026-09-07,1001,0.4910594968000008,0.10159488097107938,0.22597435284194897,0.46944788985743946,-0.3164962139977836,-0.09141909411175464,0.07982812126030292,0.32099872440114197,2022-08-18,2024-02-05,2024-10-08,49,0.8602925515054335
IM,5000000.0,2,2022-07-22,2026-09-07,1001,0.6737800432000014,0.13287394449877676,0.5044689074255299,0.4689260576149547,-0.6630414265250147,-0.1925120447397991,0.27823052498447276,0.20040066756487016,2022-08-18,2024-02-05,2025-07-29,49,1.8810773071809597
IM,10000000.0,1,2022-07-22,2026-09-07,1001,0.47195219080000084,0.09815902664633835,0.24484850095310262,0.4381277868253888,-0.36656874344787405,-0.09439590088381544,0.0907186320798461,0.26777794997760507,2022-08-18,2024-02-05,2024-11-11,49,0.9408441088578715
IM,10000000.0,2,2022-07-22,2026-09-07,1001,0.7701091780000004,0.14833248929413578,0.5249465134974428,0.4974410991787268,-0.6673719031990932,-0.20215006989821216,0.2814334081677814,0.22226361131341277,2022-08-18,2024-02-05,2025-07-22,49,1.9656225386208885
