product,rule,period,start,end,observations,total_return,cagr,volatility,sharpe,max_drawdown,worst_day,best_day,calmar,dd_peak,dd_trough,dd_recovery,rolls,mean_leverage,beta,correlation,r_squared,alpha_annual_arithmetic,alpha_ci_low,alpha_ci_high,alpha_t_hac,monthly_beta,monthly_alpha,monthly_alpha_t_hac,mean_basis_contribution_annual,mean_market_contribution_annual,mean_cost_annual
IC,front,2015—2018,2015-04-16,2018-12-28,907,-0.007337034541842424,-0.001987468593392938,0.38270112212589735,0.135608307087923,-0.5242057674290279,-0.1241666666666667,0.1014667817083694,-0.003791390169437655,2015-06-12,2015-09-01,unrecovered,44,0.9989092790787555,1.1360591269398168,0.9169424542515544,0.8407834644088648,0.2246229817722235,0.11547057290037069,0.33377539064407635,4.033378272855353,1.1117308872880198,0.20115180731788873,4.367407891992964,0.21248503083127665,-0.1381071630293211,0.002480416509815062
IC,front,2019—2022,2019-01-02,2022-12-30,971,1.0046241420091842,0.19031965757920988,0.23115675465640126,0.8108485949511657,-0.28888552541356693,-0.101189585515487,0.0662254412254412,0.6588064850488764,2021-12-31,2022-04-26,unrecovered,48,1.0000363180700398,1.0243837820473884,0.9723220534515832,0.9454101756283038,0.09001561746857878,0.06011550586578388,0.11991572907137367,5.900558855039775,1.0016067707366927,0.08689515257546278,6.374798502701787,0.09443956975944721,0.11548911403668656,0.00249555406951891
IC,front,2023—2026/09,2023-01-03,2026-09-07,891,0.6033513388829213,0.1370008346454601,0.24016996050752618,0.5923328824481208,-0.3090238928688367,-0.1006801319043693,0.1010502283105023,0.4433341168982337,2023-04-07,2024-02-05,2024-11-07,44,1.0000281839850174,1.0067122211269044,0.9755905123548424,0.9517768477967844,0.05988222689954592,0.028927548590169348,0.09083690520892249,3.7915757632542944,1.0656492819954515,0.056713321068541094,4.2875977102901475,0.06579903082515884,0.09895362948652764,0.0024920953268137928
IC,front,共同区间,2022-07-25,2026-09-07,1000,0.5694606546933099,0.11559580912850076,0.23430743279237806,0.516158267695425,-0.30902389286883625,-0.1006801319043693,0.1010502283105023,0.37406754557183985,2023-04-07,2024-02-05,2024-11-07,49,1.0000251230158326,1.006366169843167,0.9762567952500526,0.9530773302719032,0.05951081146546464,0.031108479375019458,0.08791314355590983,4.106671480061403,1.0592829942091893,0.055304940506579185,4.380942833234098,0.06495137653684467,0.07846261690040854,0.002474274818978679
IC,next,2015—2018,2015-04-16,2018-12-28,907,-0.051350010177958816,-0.01414040934464933,0.3933650121195895,0.11019982207168169,-0.5276750671973081,-0.1224195738313614,0.1014667817083692,-0.026797569609939433,2015-06-12,2015-09-01,unrecovered,15,0.9989113367589075,1.1632027454775522,0.913399082640319,0.8342978841681745,0.22020117910345033,0.10845347079764019,0.33194888740926054,3.862149720466142,1.126157939652499,0.19470736471476935,4.318829962800025,0.2031238886468911,-0.13891460601956074,0.0008605282825283728
IC,next,2019—2022,2019-01-02,2022-12-30,971,1.144726837625957,0.21063564115902422,0.23412213604919388,0.8784942291081893,-0.29152763216095967,-0.1006395786305492,0.0662254412254412,0.7225237607758809,2022-01-04,2022-04-26,unrecovered,16,1.0000011495578371,1.0321978592411272,0.9673296657584445,0.9357266822563445,0.10751432499458727,0.07055262658431,0.14447602340486454,5.701150484820074,1.0133035822913694,0.1031960381586931,6.77031827778878,0.11008937098877371,0.11641243523293524,0.0008268607960083345
IC,next,2023—2026/09,2023-01-03,2026-09-07,891,0.6226009746853853,0.1406972410503633,0.2478903259332627,0.5948342579109719,-0.31889514904476046,-0.1003466265186792,0.1224213572295342,0.4412021991297675,2023-04-17,2024-02-05,2024-10-08,14,1.0000195202668725,1.0292456276303874,0.9663631620527524,0.9338577609725933,0.06323143198929197,0.02514623610080716,0.10131662787777679,3.25405519122923,1.0935766075728344,0.05901567013411915,4.907201170150777,0.06776416143549797,0.10048251188930962,0.0007930152549868466
IC,next,共同区间,2022-07-25,2026-09-07,1000,0.6015656561921927,0.12109179833245065,0.24131366967392953,0.528981801785055,-0.31889514904475913,-0.1003466265186792,0.1224213572295342,0.37972292364803134,2023-04-17,2024-02-05,2024-10-08,16,1.0000190754032703,1.0270811195911531,0.9674241581756382,0.9359095018218433,0.06495718558653821,0.029800860362142717,0.1001135108109337,3.621360977692695,1.0843449308516466,0.060158972942537844,5.189892994329983,0.06876688028050347,0.07969124543090313,0.0008075859319278948
IC,far,2015—2018,2015-04-16,2018-12-28,907,-0.17968137458362077,-0.0521012864895013,0.39957882038679865,0.01358891690722633,-0.5850925568161858,-0.1149481146908322,0.0999785913080713,-0.08904793930897599,2015-06-02,2015-09-02,unrecovered,7,0.9989084464902399,1.17298325898815,0.906755575882297,0.8222056743936359,0.18376928967973952,0.05121176758241712,0.3163268117770619,2.717168996055586,1.1870828398804556,0.177121989669553,4.502371485448782,0.1738963300966359,-0.14805014909789463,0.0004163376106205566
IC,far,2019—2022,2019-01-02,2022-12-30,971,1.1335648123920312,0.20905415305353459,0.23790661849410835,0.8625099162964105,-0.28535862146133895,-0.0995488951754721,0.0752792006045846,0.7326014962609347,2022-01-04,2022-04-26,unrecovered,8,1.0000027838227474,1.0432254201835411,0.9621120795573008,0.9256596536300752,0.10598749104106295,0.062226595286522086,0.14974838679560382,4.746970135561946,1.0343693771678393,0.0994390124005545,6.40437773231325,0.10684429654358706,0.1187679019038071,0.00041538084367899523
IC,far,2023—2026/09,2023-01-03,2026-09-07,891,0.6478079506439671,0.14548963588482566,0.25518012215743285,0.6019719954621553,-0.3238464471356549,-0.1003466265186792,0.1285026480500724,0.4492550008550256,2023-04-17,2024-02-05,2024-10-08,7,0.999996856140723,1.0540312730573669,0.961363367731968,0.924219524816951,0.06736087461543412,0.023620250100599965,0.11110149913026827,3.018358555182367,1.1175969656899616,0.06339232563302019,4.439658079664872,0.07122822189643002,0.10277914088279251,0.0003960754418383837
IC,far,共同区间,2022-07-25,2026-09-07,1000,0.6334750543341399,0.12647223987570544,0.24794609117217586,0.5412962622139584,-0.3238464471356547,-0.1003466265186792,0.1285026480500724,0.3905315034156543,2023-04-17,2024-02-05,2024-10-08,8,0.9999979083836752,1.0498336470687526,0.9624037977231427,0.9262210698719278,0.07013011676427863,0.029550431228612235,0.11070980229994502,3.3872244517214085,1.1057485254683386,0.06540754492396868,4.880848166285448,0.07295870818105918,0.0816569604800401,0.0004033762790411725
IC,carry,2015—2018,2015-04-16,2018-12-28,907,0.030954630099416125,0.008269745668924688,0.39142503346950525,0.16764383718766582,-0.502068185301789,-0.1241666666666667,0.1304864305939475,0.016471359689827415,2015-06-12,2015-09-01,2017-09-20,32,0.9988499839885172,1.153189314073971,0.9100240992808183,0.8281438612718647,0.24094998515571947,0.12869833387471757,0.35320163643672137,4.207094395417571,1.0828281258904924,0.2047540232810765,4.801238424077317,0.22603365069205886,-0.1386028711998601,0.0018107849100598473
IC,carry,2019—2022,2019-01-02,2022-12-30,971,1.0175399667060594,0.1922362932358601,0.2372012000661484,0.8031830995681364,-0.2870870715627717,-0.0995488951754721,0.0788518362178134,0.6696097187149982,2022-01-04,2022-04-26,unrecovered,16,0.9999972125580234,1.0418910338902214,0.9637390338182384,0.9287929253049125,0.09143356685957925,0.0509481130390883,0.1319190206800702,4.426441625611923,1.0262197668120172,0.08638240871573638,4.866001440446655,0.09541198254506314,0.11593524423425881,0.0008312316889111048
IC,carry,2023—2026/09,2023-01-03,2026-09-07,891,0.638781095322972,0.14377960806740875,0.24777853405173697,0.6063510895356661,-0.31960781686774475,-0.1006801319043693,0.1224213572295342,0.4498626143643584,2023-04-17,2024-02-05,2024-10-08,18,0.9999998699489063,1.029973991251794,0.9674833348091151,0.9360240031333661,0.06595895667792698,0.027882445146915798,0.10403546820893815,3.3951949469237896,1.0757335719612044,0.06249558130831866,4.384251702721723,0.07138682404641805,0.09987281266085889,0.0010188526214576531
IC,carry,共同区间,2022-07-25,2026-09-07,1000,0.6385425000759788,0.1273193527619514,0.24111348589273662,0.5531139270386735,-0.31960781686774575,-0.1006801319043693,0.1224213572295342,0.3983611978258853,2023-04-17,2024-02-05,2024-10-08,20,1.0000005518617807,1.0272061564985888,0.9683452313602642,0.9376924870981629,0.07066224055906507,0.03534287096046693,0.10598161015766322,3.9212321209767573,1.06811032207974,0.06635357184387565,4.875266799752439,0.07542402576121758,0.0789478842872914,0.0010086830043952563
IC,liquid,2015—2018,2015-04-16,2018-12-28,907,-0.010704594741634321,-0.0029032702922270337,0.3942123463764867,0.1401396053252521,-0.502068185301789,-0.1241666666666667,0.1304864305939475,-0.005782621518792119,2015-06-12,2015-09-01,unrecovered,20,0.9988803808333757,1.1618255688142498,0.9103566930828125,0.8287493086406716,0.2318878025443228,0.12047160653154071,0.3433039985571049,4.07922508311868,1.0998208674559784,0.19857412392471574,4.764437688910786,0.21417765672612632,-0.13778939689770175,0.0011434971928832665
IC,liquid,2019—2022,2019-01-02,2022-12-30,971,1.1447268376259672,0.21063564115902556,0.23412213604919388,0.8784942291081921,-0.2915276321609608,-0.1006395786305492,0.0662254412254412,0.7225237607758827,2022-01-04,2022-04-26,unrecovered,16,1.0000011495578371,1.0321978592411272,0.9673296657584448,0.9357266822563445,0.10751432499458795,0.0705526265843107,0.14447602340486518,5.701150484820114,1.0133035822913716,0.10319603815869344,6.770318277788801,0.11008937098877374,0.11641243523293522,0.0008268607960083345
IC,liquid,2023—2026/09,2023-01-03,2026-09-07,891,0.6152442069605497,0.13928834818032731,0.24792725857416764,0.5895954171107348,-0.3188951490447597,-0.1003466265186793,0.1224213572295342,0.4367841549097286,2023-04-17,2024-02-05,2024-10-08,14,1.000021736596481,1.029322833768003,0.9662916855304614,0.9337196215252982,0.06194823164417079,0.023716775450831465,0.10017968783751012,3.175822085209309,1.0958829118014084,0.057730556085712786,4.721986759965783,0.0665576343392078,0.10041248662726864,0.0007933455343198843
IC,liquid,共同区间,2022-07-25,2026-09-07,1000,0.5943042612389617,0.11985608665699399,0.2413470999916614,0.5241945619139045,-0.3188951490447588,-0.1003466265186793,0.1224213572295342,0.3758479456837755,2023-04-17,2024-02-05,2024-10-08,16,1.0000210503942903,1.0271514201772098,0.9673563629965696,0.9357783330299521,0.06381519198652202,0.028530047711096962,0.0991003362619471,3.544706434634112,1.0864708749880396,0.05904443713878497,5.026065441770801,0.06769186463770895,0.07962885292242461,0.0008078802108136314
IM,front,2019—2022,2022-07-22,2022-12-30,109,-0.06860200921583504,-0.14890253109440232,0.2212392148525723,-0.7228377324823947,-0.1752839139126573,-0.0391253998014778,0.0299590612670808,-0.8494934176823514,2022-08-18,2022-10-10,unrecovered,5,0.990924090596161,1.0479606156740098,0.9812558486253368,0.9628630404614289,0.11389306460481613,0.02894088656209962,0.19884524264753264,2.6276701770034467,0.9977123880958401,0.09729253920992291,9.178968498945649,0.1056431986394896,-0.24299954247425687,0.00256370856545395
IM,front,2023—2026/09,2023-01-03,2026-09-07,891,0.5722367671215691,0.13095715064993385,0.26451356016873584,0.540354591309637,-0.3896503014880981,-0.0996044355100187,0.1035291864195757,0.3360889242220539,2023-04-07,2024-02-05,2024-11-11,44,1.0000388822336561,1.0043433511232434,0.9741069944615153,0.9488844366588461,0.08069354645149225,0.04354046005565867,0.11784663284732584,4.256885771069362,1.0403452763251986,0.07716783316987029,5.289742110314451,0.08671152017746157,0.07871201499006147,0.00249241846668933
IM,front,共同区间,2022-07-25,2026-09-07,1000,0.5166364020751173,0.10636470259951225,0.2602257587554014,0.4564836366212506,-0.3940724985604265,-0.0996044355100187,0.1035291864195757,0.26991150863881574,2022-08-18,2024-02-05,2024-11-11,49,1.0000362966213776,1.0072646987256146,0.9746379512493631,0.9499191360155562,0.0829146607999318,0.04835916884951419,0.11747015275034942,4.70286312784667,1.035275076619387,0.07809029790004268,5.805590585779728,0.08870367707327291,0.05256004895808798,0.002474925332171941
IM,next,2019—2022,2022-07-22,2022-12-30,109,-0.060718662773037946,-0.13247220644825763,0.22031772537966554,-0.6383959996512135,-0.1751306658100794,-0.039125399801478,0.0294719999999999,-0.7564192475115535,2022-08-18,2022-10-10,unrecovered,2,0.9909146377578041,1.0405413550475415,0.9783839321542118,0.9572351186975375,0.13122464412570242,0.024025472326862137,0.2384238159245427,2.399231002018289,0.9808839881756501,0.09618476424739686,9.253698891101802,0.12638089833797642,-0.24587269237528822,0.001158160497323104
IM,next,2023—2026/09,2023-01-03,2026-09-07,891,0.657940135896049,0.1474009504484184,0.27503954399538777,0.5843996405914981,-0.4040947663355021,-0.0993401637985345,0.1295060080106809,0.36476827399946543,2023-04-07,2024-02-05,2024-11-07,14,1.0000061810474852,1.0340040289442478,0.964493900399007,0.9302484839068904,0.09665741507986648,0.05155962970950582,0.14175520045022713,4.200761763343368,1.068045650732491,0.09023070198546179,5.949075362926407,0.10121074535948311,0.08031431499498523,0.0007920496951161227
IM,next,共同区间,2022-07-25,2026-09-07,1000,0.6085113427595057,0.12226982027337185,0.269655308594886,0.5045837587920451,-0.4040947663355021,-0.0993401637985345,0.1295060080106809,0.3025770944329841,2023-04-07,2024-02-05,2024-11-07,16,1.0000061175301853,1.0339755254724237,0.9654977647241881,0.932185933687404,0.09923823238494471,0.05670450573920976,0.14177195903067966,4.572920754956039,1.0611019948267375,0.09295838279694069,6.789913055633935,0.10313392400301029,0.05373647421888354,0.0008067090328592541
IM,far,2019—2022,2022-07-22,2022-12-30,109,-0.0518325852004079,-0.1137411299266895,0.22379523561353648,-0.5278741794418931,-0.17786843156273124,-0.0406325753203278,0.0310890532821426,-0.6394677736086906,2022-08-18,2022-10-10,unrecovered,0,0.9909086151120626,1.045723089779672,0.9679775085259656,0.9369804570121346,0.15509276567634284,0.011357257399699047,0.29882827395298667,2.114830487142308,1.0225844696186923,0.12079182473832002,5.486333002574663,0.15161606809517886,-0.2495206247589487,0.00023116969872987963
IM,far,2023—2026/09,2023-01-03,2026-09-07,891,0.5939813507671876,0.13518986424041235,0.2780022228759932,0.5410213182684871,-0.4089386648585126,-0.0997850782929076,0.1295060080106806,0.33058714144133633,2023-04-17,2024-02-05,2024-11-07,7,1.0000069597230095,1.0440587271215547,0.9634940858549673,0.9283208534774996,0.08570645976640401,0.03710449644263909,0.13430842309016894,3.45627137047044,1.0787357907219268,0.07935138085768267,5.437154266631427,0.08904829561782243,0.0817528659824608,0.0003960324983440136
IM,far,共同区间,2022-07-25,2026-09-07,1000,0.5575264479400013,0.11353110430686653,0.27266902437135426,0.47217224369229127,-0.40893866485851305,-0.0997850782929076,0.1295060080106806,0.2776237956030562,2023-04-17,2024-02-05,2024-11-07,7,1.0000061495856658,1.0437082653874123,0.9638141693357537,0.9289377530123694,0.09157465274766996,0.044853279903182004,0.1382960255921579,3.8415613744828105,1.0723959164438102,0.08458373289084326,6.215018136474114,0.09432477118204965,0.05477484011908311,0.000352866278322685
IM,carry,2019—2022,2022-07-22,2022-12-30,109,-0.06234671376489587,-0.13587975756220505,0.22258740766730425,-0.6476355916790641,-0.1752839139126573,-0.0391253998014778,0.0299590612670808,-0.7751981030610313,2022-08-18,2022-10-10,unrecovered,4,0.9908929436973593,1.0489820186569916,0.9762630621081463,0.9530895664367742,0.12992446362898954,0.02589380873958126,0.23395511851839781,2.4478099238557247,1.0085209784397402,0.1062942667530647,10.903068290080844,0.12534333088279273,-0.24739834430020302,0.0021005140475192138
IM,carry,2023—2026/09,2023-01-03,2026-09-07,891,0.6007545850789087,0.13649972440611968,0.2704340123465285,0.5530924446012054,-0.38326912137828517,-0.0993401637985343,0.1035291864195755,0.35614589538350777,2023-04-07,2024-02-05,2024-11-11,15,1.0000178743396246,1.020881879334688,0.968470903093813,0.9379358901393452,0.08631257228620624,0.040596991151801494,0.132028153420611,3.700478674800443,1.0458954322646499,0.07978834365936668,4.587027577748104,0.08919270283922656,0.08123215928982078,0.0008498531369942836
IM,carry,共同区间,2022-07-25,2026-09-07,1000,0.5497801150641126,0.11218451147760522,0.2656518409084616,0.47295996020561387,-0.3832691213782847,-0.0993401637985343,0.1035291864195755,0.2927042780649153,2023-04-07,2024-02-05,2024-11-11,19,1.0000141535640905,1.0223355438407447,0.9690152650955787,0.9389905839882547,0.08923178995719833,0.04646763127693183,0.13199594863746483,4.089665270858117,1.042581185811091,0.08422205489094685,5.410579481618671,0.09215368410921446,0.05444991141635689,0.0009609114209587688
IM,liquid,2019—2022,2022-07-22,2022-12-30,109,-0.06368359231758403,-0.13867227120904912,0.2208964846090208,-0.6692193167923657,-0.17513066581007875,-0.0391253998014778,0.0294719999999999,-0.7918217553025974,2022-08-18,2022-10-10,unrecovered,3,0.9909408832213684,1.0436726645620835,0.9787570645953271,0.9579653914952613,0.12486455857683404,0.019365875948703995,0.2303632412049641,2.3197449641976107,0.9820279943161504,0.09513632575203823,8.7411775239899,0.12029968985371352,-0.2465066760424713,0.0016212083231296518
IM,liquid,2023—2026/09,2023-01-03,2026-09-07,891,0.6579401358960459,0.14740095044841772,0.2750395439953877,0.5843996405914957,-0.40409476633550334,-0.0993401637985343,0.1295060080106809,0.36476827399946266,2023-04-07,2024-02-05,2024-11-07,14,1.0000061810474852,1.0340040289442478,0.9644939003990077,0.9302484839068903,0.09665741507986583,0.05155962970950517,0.1417552004502265,4.2007617633433405,1.0680456507324916,0.09023070198546088,5.94907536292647,0.10121074535948327,0.08031431499498534,0.0007920496951161227
IM,liquid,共同区间,2022-07-25,2026-09-07,1000,0.6043384376636733,0.1215625385288388,0.2697023387961154,0.5021144767482761,-0.4040947663355041,-0.0993401637985343,0.1295060080106809,0.3008268076105449,2023-04-07,2024-02-05,2024-11-07,17,1.0000090016470602,1.0341907790451237,0.9655303657740031,0.9322488872316814,0.09858832557519816,0.05612284285102598,0.14105380829937034,4.5502736582223635,1.0611954710515743,0.09284828230396297,6.7896706969339125,0.1026370801918704,0.053641532760812925,0.0008571642302868648
