product,rule,start,end,observations,total_return,cagr,volatility,sharpe,max_drawdown,worst_day,best_day,calmar,dd_peak,dd_trough,dd_recovery,rolls,mean_leverage
IC,front,2015-04-16,2026-09-07,2771,2.219811019516237,0.10806777694916292,0.2918616005184882,0.44280354963862123,-0.5242057674290281,-0.12416666666666676,0.10146678170836942,0.20615526128066522,2015-06-12,2015-09-01,2020-02-21,136,0.9996645262201386
IC,spot_price,2015-04-16,2026-09-07,2771,-0.0275686616077766,-0.002450346975680584,0.2560256102257593,0.04095914836153487,-0.6519575364047295,-0.09553844837909509,0.10411079518693045,-0.0037584456637976956,2015-06-12,2018-10-18,unrecovered,136,0.9996645262201386
IC,next,2015-04-16,2026-09-07,2771,2.3270652194155215,0.11125878642946607,0.29930908467002676,0.4489502411535512,-0.5276750671973086,-0.12241957383136148,0.12242135722953429,0.2108471545195523,2015-06-12,2015-09-01,2020-06-19,45,0.9996500805286276
IC,far,2015-04-16,2026-09-07,2771,1.8999738388548901,0.0979407733856188,0.3049805525275205,0.40518189618614653,-0.5850925568161862,-0.11494811469083221,0.1285026480500724,0.16739364096266918,2015-06-02,2015-09-02,2020-07-07,22,0.9996424137685328
IC,carry,2015-04-16,2026-09-07,2771,2.4354251849981674,0.1143887813112785,0.29928421732181987,0.4586089043455884,-0.5020681853017892,-0.12416666666666676,0.1304864305939475,0.22783515199737325,2015-06-12,2015-09-01,2017-09-20,66,0.9996222799647896
IC,liquid,2015-04-16,2026-09-07,2771,2.453884095381344,0.11491297093131414,0.2996787681984288,0.4600195648072418,-0.5020681853017892,-0.12416666666666676,0.1304864305939475,0.22887921261579414,2015-06-12,2015-09-01,2020-02-21,50,0.9996406537557662
IM,front,2022-07-22,2026-09-07,1001,0.4956422134487579,0.10241397487540316,0.26019585386923005,0.44261005273640786,-0.3940724985604318,-0.09960443551001874,0.10352918641957576,0.2598861256482677,2022-08-18,2024-02-05,2024-11-11,49,0.9990382564051886
IM,spot_price,2022-07-22,2026-09-07,1001,0.08548174419133514,0.020065520671588732,0.25175325827217365,0.12862429244936835,-0.41602325530780304,-0.11394331367700217,0.11143710429791853,0.04823172843244751,2022-08-18,2024-02-05,2025-08-22,49,0.9990382564051886
IM,next,2022-07-22,2026-09-07,1001,0.5871401816666897,0.1183832965062468,0.2696107396534011,0.4916828583145391,-0.40409476633550623,-0.0993401637985345,0.1295060080106809,0.29295924215944225,2023-04-07,2024-02-05,2024-11-07,16,0.9990081074328496
IM,far,2022-07-22,2026-09-07,1001,0.5403485719650234,0.1103064610398754,0.2725950036188267,0.4615698277227849,-0.4089386648585157,-0.09978507829290761,0.12950600801068068,0.2697383997134122,2023-04-17,2024-02-05,2024-11-07,7,0.9990081394563387
IM,carry,2022-07-22,2026-09-07,1001,0.5283271313295002,0.10820143499036905,0.2656175469800219,0.4593534514535914,-0.3832691213782885,-0.09934016379853439,0.10352918641957554,0.2823119029293615,2023-04-07,2024-02-05,2024-11-11,19,0.9990161354467612
IM,liquid,2022-07-22,2026-09-07,1001,0.5821302249801745,0.11752720869080235,0.2696650624651349,0.4886852282212472,-0.40409476633550634,-0.09934016379853439,0.1295060080106809,0.29084070985770566,2023-04-07,2024-02-05,2024-11-07,17,0.9990109886713646
