product,rule,beta,correlation,r_squared,alpha_annual_arithmetic,alpha_ci_low,alpha_ci_high,alpha_t_hac,monthly_beta,monthly_alpha,monthly_alpha_t_hac,mean_basis_contribution_annual,mean_market_contribution_annual,mean_cost_annual
IC,front,1.075452135513561,0.941253881716459,0.8859588698463018,0.12422427087958732,0.08741939311711268,0.16102914864206197,6.6152942689020495,1.0526385530894724,0.11536533119776868,5.682465875065989,0.13155607513783366,0.027265253780980568,0.0024876639542649177
IC,next,1.0922669741994793,0.9355254036316197,0.8752077808401059,0.12233673025362292,0.0818132636507712,0.16286019685647465,5.9169564053688095,1.0788438528669781,0.1138798324755525,5.81418956229259,0.1274871889257143,0.02797611896325014,0.0008278515462865982
IC,far,1.1067530829652454,0.9296080997273322,0.8641712190786617,0.11192907889864595,0.06355291962719525,0.16030523817009665,4.534815635799224,1.1149727015590722,0.10609161120138651,5.584505164454771,0.11780747818320181,0.026992553849188174,0.00040911611300734714
IC,carry,1.0889465655494284,0.935872182677315,0.8758567423092003,0.1193008933540844,0.07938301006263505,0.15921877664553377,5.85766165480889,1.0613323407795452,0.10994735502263048,5.647073262345026,0.12482405232337784,0.0279502690842495,0.0012120891577789882
IC,liquid,1.0908552515846093,0.9360647832044465,0.8762172783555877,0.12391903576817982,0.08430745814518747,0.16353061339117217,6.131461094939741,1.0690661140218374,0.11453191539620414,6.128460254747057,0.12870854432588744,0.028414663047570097,0.0009213412543194523
IM,front,1.0036244838373234,0.9749233051004765,0.9504754508280369,0.09303915622797096,0.058739884617029975,0.12733842783891194,5.316538421785331,1.0349603672245382,0.08512225237590833,6.2353893568373415,0.09558091035197527,0.05255971714921752,0.0024904556386387867
IM,next,1.0325966337935077,0.9653405577985741,0.9318823925308616,0.10179632267814069,0.05866438652082434,0.14492825883545707,4.625740089201401,1.062152557560655,0.09253081516388312,7.123077282484895,0.1026991797961482,0.053482031687802536,0.0008324740220401639
IM,far,1.0427622981487297,0.9637861947692993,0.928883829227885,0.09617499710411136,0.04891363847910566,0.14343635572911703,3.988449253711642,1.0756036352184848,0.08616800172007504,6.308540350966441,0.09578750962117824,0.054647929151357855,0.0003777114683172725
IM,carry,1.0205333276718946,0.9700526804190707,0.941002202788223,0.0949616760728475,0.05254881256271816,0.13737453958297685,4.388325842934166,1.0497652920883602,0.08718421817442597,6.169151773361525,0.09489891808346794,0.05420665973924546,0.0009834629201216291
IM,liquid,1.0327557004901329,0.965372651356406,0.9319443559868968,0.1015327126026694,0.05853025900988234,0.14453516619545645,4.627653618054646,1.0619316853805556,0.09279096833070494,7.125104558404581,0.10256855720180788,0.05340413620247508,0.0008823974247941506
