date,old_contract,new_contract,old_quantity,new_quantity,turnover,cost,old_close,new_close,product,rule
2015-04-17,,IC1505,0.0,6.444793895491222,10000000.0,1000.0,,7758.2,IC,front
2015-05-08,IC1505,IC1506,6.444137855474213,6.512843443988978,21062535.697860356,2106.2535697860358,8171.2,8085.0,IC,front
2015-06-12,IC1506,IC1507,6.511588702394303,6.527467839756282,29765253.349288646,2976.5253349288646,11427.8,11400.0,IC,front
2015-07-10,IC1507,IC1508,6.526141570824936,6.621876444076421,18814605.10302545,1881.4605103025451,7207.4,7103.2,IC,front
2015-08-14,IC1508,IC1509,6.620605061700759,6.888874932230641,22237288.281240508,2223.728828124051,8397.0,8070.0,IC,front
2015-09-11,IC1509,IC1510,6.887541420365678,7.1439214034424925,17687206.36749906,1768.7206367499061,6420.0,6189.6,IC,front
2015-10-09,IC1510,IC1511,7.142325609894565,7.432101951838964,18303780.686989002,1830.3780686989003,6406.8,6157.0,IC,front
2015-11-13,IC1511,IC1512,7.430686818044789,7.754663101894701,22196947.662863392,2219.6947662863395,7468.0,7156.0,IC,front
2015-12-11,IC1512,IC1601,7.7531570499986335,8.080052957917825,22414066.905264046,2241.406690526405,7227.4,6935.0,IC,front
2016-01-08,IC1601,IC1602,8.07848761723887,8.36283281886793,20680282.021122128,2068.028202112213,6399.8,6182.2,IC,front
2016-02-15,IC1602,IC1603,8.36101858136971,8.622529272035178,18900584.164301112,1890.0584164301113,5651.4,5480.0,IC,front
2016-03-11,IC1603,IC1604,8.620872905667078,8.9190988901336,18666603.68518281,1866.660368518281,5413.2,5232.2,IC,front
2016-04-08,IC1604,IC1605,8.917384549311826,9.200896522225246,21809069.044560947,2180.9069044560947,6114.2,5925.8,IC,front
2016-05-13,IC1605,IC1606,9.199098989583282,9.486067966809351,20823816.400739886,2082.381640073989,5659.2,5488.0,IC,front
2016-06-13,IC1606,IC1607,9.484210634220911,9.66290354698796,21745398.142141707,2174.5398142141707,5732.0,5626.0,IC,front
2016-07-08,IC1607,IC1608,9.660970023652995,9.824369756879953,24210390.879274406,2421.0390879274405,6265.0,6160.8,IC,front
2016-08-12,IC1608,IC1609,9.82240111077321,9.968253130898164,24596863.96555384,2459.686396555384,6260.4,6168.8,IC,front
2016-09-12,IC1609,IC1610,9.966315261703441,10.12327784984847,24939707.31088669,2493.970731088669,6256.0,6159.0,IC,front
2016-10-14,IC1610,IC1611,10.121262219708854,10.254457586535665,26181681.10994286,2618.168110994286,6467.0,6383.0,IC,front
2016-11-11,IC1611,IC1612,10.252387357270637,10.368026476280809,26914567.290306874,2691.4567290306877,6563.0,6489.8,IC,front
2016-12-09,IC1612,IC1701,10.365956364330618,10.49568932720405,26769045.715247385,2676.9045715247385,6456.0,6376.2,IC,front
2017-01-13,IC1701,IC1702,10.493482262422699,10.617905471692172,25933172.32406096,2593.317232406096,6178.4,6106.0,IC,front
2017-02-10,IC1702,IC1703,10.615715101618488,10.750649052742805,26726973.597042833,2672.6973597042834,6294.2,6215.2,IC,front
2017-03-10,IC1703,IC1704,10.748511638586072,10.907088426516834,27560903.60319686,2756.090360319686,6410.4,6317.2,IC,front
2017-04-14,IC1704,IC1705,10.904932724743633,10.997381721234344,28434830.178423516,2843.4830178423517,6518.8,6464.0,IC,front
2017-05-12,IC1705,IC1706,10.995159680017663,11.101464893682456,25628397.794959567,2562.839779495957,5827.2,5771.4,IC,front
2017-06-09,IC1706,IC1707,11.099265496251352,11.182509987473237,26480183.650336623,2648.0183650336626,5964.4,5920.0,IC,front
2017-07-14,IC1707,IC1708,11.180242702171405,11.274234746865792,27250276.3525645,2725.02763525645,6093.4,6042.6,IC,front
2017-08-11,IC1708,IC1709,11.271878201856708,11.34580185218368,27680125.862735476,2768.0125862735476,6139.2,6099.2,IC,front
2017-09-08,IC1709,IC1710,11.343582960564117,11.413949124365674,29734707.142867506,2973.4707142867505,6553.2,6512.8,IC,front
2017-10-13,IC1710,IC1711,11.41170266822904,11.475550569343806,30683786.134334244,3068.3786134334246,6722.0,6684.6,IC,front
2017-11-10,IC1711,IC1712,11.473217748189894,11.539109697334746,30379244.882367127,3037.924488236713,6619.6,6581.8,IC,front
2017-12-08,IC1712,IC1801,11.536813226181462,11.613938506186914,28491313.943377737,2849.131394337774,6174.0,6133.0,IC,front
2018-01-12,IC1801,IC1802,11.611653487297062,11.665230594633535,29731406.52115438,2973.140652115438,6401.2,6371.8,IC,front
2018-02-22,IC1802,IC1803,11.662846428079765,11.744936849290285,27365702.858846366,2736.5702858846366,5866.0,5825.0,IC,front
2018-03-09,IC1803,IC1804,11.742591016527873,11.812718791504867,29115989.277301196,2911.5989277301196,6198.8,6162.0,IC,front
2018-04-13,IC1804,IC1805,11.810387487347002,11.91346572657863,28392171.519582193,2839.2171519582193,6010.0,5958.0,IC,front
2018-05-11,IC1805,IC1806,11.911076615642422,12.002401411969101,28553232.863018014,2855.3232863018015,5993.0,5947.4,IC,front
2018-06-08,IC1806,IC1807,11.99998941938823,12.095322431163208,27161256.0514201,2716.12560514201,5658.6,5614.0,IC,front
2018-07-13,IC1807,IC1808,12.092896471889876,12.199118812542334,25109690.234232135,2510.9690234232135,5191.0,5145.8,IC,front
2018-08-10,IC1808,IC1809,12.196681586017547,12.287869895970084,24455810.181755506,2445.5810181755505,5012.8,4975.6,IC,front
2018-09-14,IC1809,IC1810,12.285427001342944,12.37690290801961,22872516.574020237,2287.2516574020237,4654.4,4620.0,IC,front
2018-10-12,IC1810,IC1811,12.37439789630725,12.49030908863712,21121612.28124892,2112.161228124892,4267.2,4227.6,IC,front
2018-11-09,IC1811,IC1812,12.48776613987545,12.552124220478529,21822621.08475515,2182.262108475515,4368.8,4346.4,IC,front
2018-12-14,IC1812,IC1901,12.549681879365004,12.62139434724709,21734041.065959487,2173.4041065959486,4329.6,4305.0,IC,front
2019-01-11,IC1901,IC1902,12.61886428989226,12.694228914243988,21765017.12720617,2176.501712720617,4312.0,4286.4,IC,front
2019-02-11,IC1902,IC1903,12.69167946922208,12.711293882947242,22371877.233987145,2237.1877233987148,4406.8,4400.0,IC,front
2019-03-08,IC1903,IC1904,12.708767908139365,12.762261262119248,26924287.339467734,2692.4287339467737,5296.4,5274.2,IC,front
2019-04-12,IC1904,IC1905,12.75978999411364,12.800653653781573,29098445.885776274,2909.8445885776277,5701.2,5683.0,IC,front
2019-05-10,IC1905,IC1906,12.798043580482872,12.944566372422608,25688233.074745215,2568.8233074745217,5018.0,4961.2,IC,front
2019-06-14,IC1906,IC1907,12.941928170991998,13.182965363753747,24689057.533238016,2468.905753323802,4769.2,4682.0,IC,front
2019-07-12,IC1907,IC1908,13.180338046927508,13.33118440359006,25532950.86450797,2553.295086450797,4843.0,4788.2,IC,front
2019-08-09,IC1908,IC1909,13.328551009565267,13.50165674741113,24367790.097727604,2436.7790097727607,4570.6,4512.0,IC,front
2019-09-16,IC1909,IC1910,13.499013439631254,13.577303155001676,28279893.195489887,2827.989319548989,5237.4,5207.2,IC,front
2019-10-11,IC1910,IC1911,13.574531534598732,13.691525342414286,27450960.65052694,2745.096065052694,5055.6,5012.4,IC,front
2019-11-08,IC1911,IC1912,13.688814558477972,13.824534621552683,27217743.76291292,2721.7743762912924,4970.8,4922.0,IC,front
2019-12-13,IC1912,IC2001,13.821704463088123,13.86307866211899,28157576.332203124,2815.7576332203125,5093.0,5077.8,IC,front
2020-01-10,IC2001,IC2002,13.860340607500026,13.890825227604498,30315336.97672406,3031.533697672406,5468.0,5456.0,IC,front
2020-02-14,IC2002,IC2003,13.88809914656971,13.996328861385066,30029403.49867889,3002.940349867889,5405.6,5363.8,IC,front
2020-03-13,IC2003,IC2004,13.99363778606093,14.141622452815193,30489338.008269556,3048.9338008269556,5447.0,5390.0,IC,front
2020-04-10,IC2004,IC2005,14.13862300640453,14.295449796971404,29384582.966670662,2938.4582966670664,5195.8,5138.8,IC,front
2020-05-08,IC2005,IC2006,14.29255846927551,14.496790785906036,31328144.759974383,3132.8144759974384,5479.8,5402.6,IC,front
2020-06-12,IC2006,IC2007,14.493881769635882,14.702096902710007,32339908.51495315,3233.9908514953154,5578.2,5499.2,IC,front
2020-07-10,IC2007,IC2008,14.6991395247636,14.766246787566628,39330193.64361946,3933.0193643619464,6689.2,6658.8,IC,front
2020-08-14,IC2008,IC2009,14.763380364978618,14.938668188498339,39154846.868781686,3915.4846868781688,6630.4,6552.6,IC,front
2020-09-11,IC2009,IC2010,14.935715129372575,15.119654879821358,37518516.40498391,3751.851640498391,6280.0,6203.6,IC,front
2020-10-09,IC2010,IC2011,15.116655595016294,15.31643731536003,38291093.28840008,3829.109328840008,6332.6,6250.0,IC,front
2020-11-13,IC2011,IC2012,15.313474229330248,15.481770388796521,38542177.018316716,3854.217701831672,6292.2,6223.8,IC,front
2020-12-11,IC2012,IC2101,15.478708262249862,15.631073643449321,38364907.150482014,3836.4907150482018,6196.4,6136.0,IC,front
2021-01-08,IC2101,IC2102,15.627978591544744,15.771959783350743,40949054.624709204,4094.9054624709206,6550.6,6490.8,IC,front
2021-02-18,IC2102,IC2103,15.768755915992665,15.949593608741791,41500842.56994614,4150.084256994614,6579.6,6505.0,IC,front
2021-03-12,IC2103,IC2104,15.946463516234756,16.097199942521076,39644184.0184409,3964.4184018440906,6215.2,6157.0,IC,front
2021-04-09,IC2104,IC2105,16.093968739357024,16.254800520443798,40729328.56806561,4072.9328568065616,6326.8,6264.2,IC,front
2021-05-14,IC2105,IC2106,16.25150983568662,16.39226108437911,42547752.870614424,4254.775287061442,6545.2,6489.0,IC,front
2021-06-11,IC2106,IC2107,16.388998895533277,16.530067266196326,44092962.62854273,4409.296262854273,6726.0,6668.6,IC,front
2021-07-09,IC2107,IC2108,16.526727058483672,16.649434485189765,44848248.68406597,4484.824868406597,6784.2,6734.2,IC,front
2021-08-13,IC2108,IC2109,16.6461434626139,16.77360389902172,47141878.28612256,4714.187828612256,7080.0,7026.2,IC,front
2021-09-10,IC2109,IC2110,16.77023464194777,16.90424336625557,50939923.12960919,5093.99231296092,7593.8,7533.6,IC,front
2021-10-08,IC2110,IC2111,16.90086325366236,17.03703636323947,47872709.21779385,4787.270921779385,7081.4,7024.8,IC,front
2021-11-12,IC2111,IC2112,17.033630547838495,17.120127212891763,48818385.150105126,4881.838515010513,7165.0,7128.8,IC,front
2021-12-10,IC2112,IC2201,17.116678167943395,17.204084881627708,50131327.01827261,5013.132701827261,7322.0,7284.8,IC,front
2022-01-14,IC2201,IC2202,17.200647589866417,17.206473380752062,48770028.15040364,4877.002815040364,7088.4,7086.0,IC,front
2022-02-11,IC2202,IC2203,17.203062167277015,17.21835876364971,46474416.5061422,4647.44165061422,6753.8,6747.8,IC,front
2022-03-11,IC2203,IC2204,17.21488914405427,17.26176426765959,44629255.808177814,4462.925580817781,6481.2,6463.6,IC,front
2022-04-08,IC2204,IC2205,17.25821951897925,17.350419817526493,42869417.285144456,4286.9417285144455,6210.0,6177.0,IC,front
2022-05-13,IC2205,IC2206,17.34681965599047,17.47434758001451,40122499.99151971,4012.249999151971,5782.4,5740.2,IC,front
2022-06-10,IC2206,IC2207,17.470828330653063,17.60716952562301,43679866.15916556,4367.986615916557,6250.4,6202.0,IC,front
2022-07-08,IC2207,IC2208,17.603627526710525,17.71519395057522,44946990.091399446,4494.699009139945,6383.2,6343.0,IC,front
2022-08-12,IC2208,IC2209,17.711605406097515,17.799794591566137,45472067.25539851,4547.2067255398515,6418.4,6386.6,IC,front
2022-09-09,IC2209,IC2210,17.796240844004917,17.881192507646222,44950456.97342138,4495.045697342138,6314.6,6284.6,IC,front
2022-10-14,IC2210,IC2211,17.877603001046587,17.922530632231364,42790400.33506503,4279.040033506503,5983.8,5968.8,IC,front
2022-11-11,IC2211,IC2212,17.918955234049832,17.911953362906605,44006087.02198894,4400.608702198894,6139.6,6142.0,IC,front
2022-12-09,IC2212,IC2301,17.908364425897897,17.90432425086305,44442829.82846229,4444.282982846229,6204.2,6205.6,IC,front
2023-01-13,IC2301,IC2302,17.900724929409066,17.90720237847724,43548883.608266376,4354.888360826638,6082.0,6079.8,IC,front
2023-02-10,IC2302,IC2303,17.903655698451363,17.90365569845136,45385051.04934626,4538.505104934627,6337.4,6337.4,IC,front
2023-03-10,IC2303,IC2304,17.90008778442533,17.942898504700935,44413697.81071612,4441.369781071612,6203.0,6188.2,IC,front
2023-04-14,IC2304,IC2305,17.939333643331498,17.98076009643203,46095476.58321315,4609.547658321315,6423.8,6409.0,IC,front
2023-05-12,IC2305,IC2306,17.977179562032774,18.031729531349274,43736320.61287829,4373.63206128783,6082.2,6063.8,IC,front
2023-06-09,IC2306,IC2307,18.028165261108484,18.083534688717293,43335382.52804212,4333.538252804213,6009.4,5991.0,IC,front
2023-07-14,IC2307,IC2308,18.079920035047746,18.10455535314136,43581285.64608189,4358.128564608189,6026.2,6018.0,IC,front
2023-08-11,IC2308,IC2309,18.100921883135452,18.098472088260387,42792027.40548286,4279.202740548286,5910.2,5911.0,IC,front
2023-09-08,IC2309,IC2310,18.094856189713173,18.094220970440908,41234558.28511838,4123.455828511838,5697.0,5697.2,IC,front
2023-10-13,IC2310,IC2311,18.090640602903367,18.08551341528785,40839982.9738664,4083.9982973866404,5643.8,5645.4,IC,front
2023-11-10,IC2311,IC2312,18.08186009996224,18.11182283643912,40222736.155164,4022.2736155164007,5561.2,5552.0,IC,front
2023-12-08,IC2312,IC2401,18.108218030663018,18.17764377620724,39826490.40791901,3982.6490407919014,5498.4,5477.4,IC,front
2024-01-12,IC2401,IC2402,18.174048060168165,18.253555122916868,37719146.30599542,3771.9146305995423,5188.6,5166.0,IC,front
2024-02-19,IC2402,IC2403,18.249893983142147,18.329594114240578,37270663.48813222,3727.0663488132227,5105.6,5083.4,IC,front
2024-03-08,IC2403,IC2404,18.325937898937575,18.401662070414346,39189651.678120025,3918.9651678120026,5346.2,5324.2,IC,front
2024-04-12,IC2404,IC2405,18.398058658135746,18.465419971300545,38733064.93180002,3873.3064931800022,5263.2,5244.0,IC,front
2024-05-10,IC2405,IC2406,18.461779681636404,18.56516564785357,40843364.42527785,4084.3364425277855,5530.8,5500.0,IC,front
2024-06-14,IC2406,IC2407,18.561427503007337,18.66745186697666,38693894.22986922,3869.389422986922,5211.6,5182.0,IC,front
2024-07-12,IC2407,IC2408,18.66370803532064,18.75158219802532,36640591.61494148,3664.059161494148,4908.0,4885.0,IC,front
2024-08-09,IC2408,IC2409,18.747796791835842,18.8511058813765,35304351.09464191,3530.435109464191,4707.8,4682.0,IC,front
2024-09-13,IC2409,IC2410,18.847344923383954,18.95738373284838,33509071.4861828,3350.90714861828,4444.8,4419.0,IC,front
2024-10-11,IC2410,IC2411,18.95360828667622,19.000720373655565,41584216.58096762,4158.421658096762,5485.0,5471.4,IC,front
2024-11-08,IC2411,IC2412,18.99700485949583,19.08008214022249,47120170.85349347,4712.017085349347,6201.0,6174.0,IC,front
2024-12-13,IC2412,IC2501,19.07630610448402,19.159354890311114,45769399.71036641,4576.9399710366415,5998.2,5972.2,IC,front
2025-01-10,IC2501,IC2502,19.15546187964767,19.238646724587742,41112218.50457502,4111.221850457502,5365.6,5342.4,IC,front
2025-02-14,IC2502,IC2503,19.234810829797183,19.314671816533558,45775772.205184534,4577.577220518454,5949.6,5925.0,IC,front
2025-03-14,IC2503,IC2504,19.310798291431198,19.442194639838622,47088995.417689145,4708.899541768915,6096.2,6055.0,IC,front
2025-04-11,IC2504,IC2505,19.438293960447247,19.65194045664607,43198109.434181124,4319.810943418112,5555.8,5495.4,IC,front
2025-05-09,IC2505,IC2506,19.64802421239821,19.990167939762262,44816357.307511814,4481.635730751182,5702.4,5604.8,IC,front
2025-06-13,IC2506,IC2507,19.986227990231466,20.26998657343791,45800440.06241443,4580.044006241444,5729.0,5648.8,IC,front
2025-07-11,IC2507,IC2508,20.265960253465693,20.434238223896585,48824751.44264954,4882.475144264955,6023.0,5973.4,IC,front
2025-08-08,IC2508,IC2509,20.43013585837117,20.66767268768642,51479039.130489334,5147.903913048934,6299.4,6227.0,IC,front
2025-09-12,IC2509,IC2510,20.663585865435582,20.811657603003166,59015201.231684014,5901.520123168401,7140.0,7089.2,IC,front
2025-10-10,IC2510,IC2511,20.80747183126372,21.008966661887076,61440302.82335551,6144.030282335551,7382.0,7311.2,IC,front
2025-11-14,IC2511,IC2512,21.004745266461594,21.212514904678898,60560881.55226207,6056.088155226207,7208.0,7137.4,IC,front
2025-12-12,IC2512,IC2601,21.208275537384793,21.384141771637175,60859267.4820794,6085.92674820794,7174.0,7115.0,IC,front
2026-01-09,IC2601,IC2602,21.379831676273568,21.459426989158356,69169741.82561435,6916.974182561436,8088.2,8058.2,IC,front
2026-02-24,IC2602,IC2603,21.45523862178959,21.52956156125539,72094751.02648225,7209.475102648225,8400.6,8371.6,IC,front
2026-03-13,IC2603,IC2604,21.525334690923614,21.653985803344565,70721917.63372335,7072.191763372335,8213.8,8165.0,IC,front
2026-04-10,IC2604,IC2605,21.64963955194866,21.759533424112448,68930720.36224037,6893.072036224038,7959.8,7919.6,IC,front
2026-05-08,IC2605,IC2606,21.755171064148723,21.922735948922703,75596608.82738912,7559.660882738913,8687.2,8620.8,IC,front
2026-06-15,IC2606,IC2607,21.918410072535607,22.092838311277927,73512593.91047862,7351.259391047863,8384.8,8318.6,IC,front
2026-07-10,IC2607,IC2608,22.088462548166508,22.299606135337303,74837478.19019198,7483.747819019199,8470.2,8390.0,IC,front
2026-08-14,IC2608,IC2609,22.294972351654426,22.51788804224111,70807048.59106633,7080.704859106633,7939.8,7861.2,IC,front
2015-04-17,,IC1506,0.0,6.514827747954344,10000000.000000002,1000.0000000000002,,7674.8,IC,next
2015-06-12,IC1506,IC1509,6.514161463510363,6.544053445330683,29777013.749081492,2977.7013749081493,11427.8,11375.6,IC,next
2015-09-11,IC1509,IC1512,6.542721334563899,7.1447985997448935,16801708.387160093,1680.1708387160093,6420.0,5879.0,IC,next
2015-12-11,IC1512,IC1603,7.143202039198452,7.907302560591651,20650711.367241155,2065.0711367241156,7227.4,6529.0,IC,next
2016-03-11,IC1603,IC1606,7.905770455499456,8.750923570609697,17118206.651883863,1711.8206651883863,5413.2,4890.4,IC,next
2016-06-13,IC1606,IC1609,8.74924363077894,9.201956787454106,20060265.79664995,2006.0265796649953,5732.0,5450.0,IC,next
2016-09-12,IC1609,IC1612,9.200112495783817,9.592650628937259,23022361.509449422,2302.2361509449424,6256.0,6000.0,IC,next
2016-12-09,IC1612,IC1703,9.590735098405174,9.981909688103142,24767114.31812152,2476.711431812152,6456.0,6203.0,IC,next
2017-03-10,IC1703,IC1706,9.979811211466004,10.390544386873747,25589832.715992667,2558.983271599267,6410.4,6157.0,IC,next
2017-06-09,IC1706,IC1709,10.38849561810021,10.591648421298613,24784457.305838756,2478.445730583876,5964.4,5850.0,IC,next
2017-09-08,IC1709,IC1712,10.589497527209726,10.807184824536034,27758038.07812431,2775.8038078124314,6553.2,6421.2,IC,next
2017-12-08,IC1712,IC1803,10.805060358767145,10.99091252389422,26684177.062011342,2668.4177062011345,6174.0,6069.6,IC,next
2018-03-09,IC1803,IC1806,10.988745749267192,11.164531100530628,27246814.860222988,2724.681486022299,6198.8,6101.2,IC,next
2018-06-08,IC1806,IC1809,11.162330431750021,11.388958344951439,25265265.19244027,2526.5265192440274,5658.6,5546.0,IC,next
2018-09-14,IC1809,IC1812,11.38667108935478,11.64077532909262,21199248.767317154,2119.9248767317154,4654.4,4552.8,IC,next
2018-12-14,IC1812,IC1903,11.638416165187069,11.80086337910865,20155874.651517574,2015.5874651517574,4329.6,4270.0,IC,next
2019-03-08,IC1903,IC1906,11.7984956494733,11.854001130182562,24995820.94314816,2499.582094314816,5296.4,5271.6,IC,next
2019-06-14,IC1906,IC1909,11.851696376492857,12.384555293332545,22609244.14350789,2260.924414350789,4769.2,4564.0,IC,next
2019-09-16,IC1909,IC1912,12.38208506236556,12.629003370133082,25939972.922253348,2593.997292225335,5237.4,5135.0,IC,next
2019-12-13,IC1912,IC2003,12.626418522632003,12.796774165359544,25722539.814305913,2572.2539814305915,5093.0,5025.2,IC,next
2020-03-13,IC2003,IC2006,12.794249624986186,13.144148945171588,27876111.082919903,2787.6111082919906,5447.0,5302.0,IC,next
2020-06-12,IC2006,IC2009,13.141358934966298,13.676840257291131,29322051.3644116,2932.20513644116,5578.2,5359.8,IC,next
2020-09-11,IC2009,IC2012,13.674084570223366,14.181268140998569,34349300.44040109,3434.9300440401094,6280.0,6055.4,IC,next
2020-12-11,IC2012,IC2103,14.178449108983141,14.557155033619951,35142136.82356125,3514.2136823561254,6196.4,6035.2,IC,next
2021-03-12,IC2103,IC2106,14.554267995501633,15.061219854419207,36183074.5782567,3618.3074578256696,6215.2,6006.0,IC,next
2021-06-11,IC2106,IC2109,15.058195829125706,15.481248684952996,40512570.058679804,4051.2570058679808,6726.0,6542.2,IC,next
2021-09-10,IC2109,IC2112,15.478119792009077,15.920483566744126,47015098.43062341,4701.509843062341,7593.8,7382.8,IC,next
2021-12-10,IC2112,IC2203,15.917298113434972,16.23164491052768,46618582.714628346,4661.858271462835,7322.0,7180.2,IC,next
2022-03-11,IC2203,IC2206,16.228403043025416,16.4343009066338,42071810.32098253,4207.181032098253,6481.2,6400.0,IC,next
2022-06-10,IC2206,IC2209,16.430921931955353,16.79473989264002,41079933.7773975,4107.99337773975,6250.4,6115.0,IC,next
2022-09-09,IC2209,IC2212,16.791362496949315,17.039619712537547,42412295.04929446,4241.229504929446,6314.6,6222.6,IC,next
2022-12-09,IC2212,IC2303,17.036202879532983,17.11011265341382,42278403.96207941,4227.840396207942,6204.2,6177.4,IC,next
2023-03-10,IC2303,IC2306,17.10667436842215,17.318867489362265,42445080.442929044,4244.508044292905,6203.0,6127.0,IC,next
2023-06-09,IC2306,IC2309,17.315422260197277,17.427946693871554,41622119.4121718,4162.2119412171805,6009.4,5970.6,IC,next
2023-09-08,IC2309,IC2312,17.424466120421837,17.45510523791862,39706873.395217285,3970.6873395217285,5697.0,5687.0,IC,next
2023-12-08,IC2312,IC2403,17.451651521342907,17.66172661972241,38382464.28998074,3838.246428998074,5498.4,5433.0,IC,next
2024-03-08,IC2403,IC2406,17.658233145644513,17.940791722395417,37761778.41729788,3776.177841729788,5346.2,5262.0,IC,next
2024-06-14,IC2406,IC2409,17.93727929912254,18.17158945558414,37392769.91812281,3739.2769918122813,5211.6,5144.4,IC,next
2024-09-13,IC2409,IC2412,18.167946135997052,18.451054925119884,32301154.794111878,3230.115479411188,4444.8,4376.6,IC,next
2024-12-13,IC2412,IC2503,18.447371925083196,18.719510451875152,44260410.512413606,4426.041051241361,5998.2,5911.0,IC,next
2025-03-14,IC2503,IC2506,18.715712977544964,19.159484375098167,45637891.78148383,4563.789178148383,6096.2,5955.0,IC,next
2025-06-13,IC2506,IC2509,19.155641125145728,19.80199711403101,43897067.20238395,4389.706720238395,5729.0,5542.0,IC,next
2025-09-12,IC2509,IC2512,19.798064700689377,20.226388215848523,56543272.78516886,5654.327278516886,7140.0,6988.8,IC,next
2025-12-12,IC2512,IC2603,20.2223137366947,20.728536141488227,58029951.49881911,5802.995149881912,7174.0,6998.8,IC,next
2026-03-13,IC2603,IC2606,20.724355367106167,21.19660682800426,68090284.04573464,6809.028404573464,8213.8,8030.8,IC,next
2026-06-15,IC2606,IC2609,21.19235255715958,21.652528175038583,71077455.08850865,7107.745508850865,8384.8,8206.6,IC,next
2015-04-17,,IC1512,0.0,6.612007405448294,10000000.0,1000.0,,7562.0,IC,far
2015-12-11,IC1512,IC1606,6.611330587658692,7.820414188092378,19113092.27569777,1911.3092275697772,7227.4,6110.0,IC,far
2016-06-13,IC1606,IC1612,7.8189066477050675,8.520527168183545,17927189.16185818,1792.718916185818,5732.0,5260.0,IC,far
2016-12-09,IC1612,IC1706,8.51881397422112,9.209220197182107,21998985.20702862,2199.8985207028622,6456.0,5972.0,IC,far
2017-06-09,IC1706,IC1712,9.20727711223364,9.55357913924469,21966353.44328253,2196.6353443282533,5964.4,5748.2,IC,far
2017-12-08,IC1712,IC1806,9.551640785928017,9.861180263589775,23588732.08492783,2358.8732084927833,6174.0,5980.2,IC,far
2018-06-08,IC1806,IC1812,9.859236624898971,10.220098989824377,22315790.546261325,2231.579054626133,5658.6,5458.8,IC,far
2018-12-14,IC1812,IC1906,10.218045437705737,10.486903125940064,17696019.810836304,1769.6019810836306,4329.6,4218.6,IC,far
2019-06-14,IC1906,IC1912,10.484799750237935,11.191608542711451,20001642.7875339,2000.1642787533904,4769.2,4468.0,IC,far
2019-12-13,IC1912,IC2006,11.189367689942973,11.512616089874658,22794979.857951827,2279.497985795183,5093.0,4950.0,IC,far
2020-06-12,IC2006,IC2012,11.510344002436934,12.381310678081242,25682800.36575748,2568.280036575748,5578.2,5185.8,IC,far
2020-12-11,IC2012,IC2106,12.378813855523319,13.018343885669498,30681632.869745877,3068.1632869745877,6196.4,5892.0,IC,far
2021-06-11,IC2106,IC2112,13.015759257564696,13.738856994096068,35017598.70655206,3501.759870655206,6726.0,6372.0,IC,far
2021-12-10,IC2112,IC2206,13.736082208385955,14.367531489072023,40230237.57192079,4023.0237571920793,7322.0,7000.2,IC,far
2022-06-10,IC2206,IC2212,14.364660320748472,14.95417602744941,35913949.147522494,3591.3949147522494,6250.4,6004.0,IC,far
2022-12-09,IC2212,IC2306,14.951168063769414,15.244048792315231,37104014.760495275,3710.401476049528,6204.2,6085.0,IC,far
2023-06-09,IC2306,IC2312,15.24098446840317,15.467486078363565,36635668.8257688,3663.56688257688,6009.4,5921.4,IC,far
2023-12-08,IC2312,IC2406,15.46439728048418,15.876735007658192,34011776.802805685,3401.1776802805684,5498.4,5355.6,IC,far
2024-06-14,IC2406,IC2412,15.873596381538245,16.1847702981619,33090733.96080989,3309.0733960809894,5211.6,5111.4,IC,far
2024-12-13,IC2412,IC2506,16.181525022346722,16.717193143134704,38824009.35561604,3882.4009355616045,5998.2,5806.0,IC,far
2025-06-13,IC2506,IC2512,16.713798737544753,17.66927830074437,38301341.18695755,3830.1341186957557,5729.0,5419.2,IC,far
2025-12-12,IC2512,IC2606,17.66576895815767,18.65000242897006,50693690.602329254,5069.369060232925,7174.0,6795.4,IC,far
2026-06-15,IC2606,IC2612,18.646243061089535,19.474964974915736,62538007.52744941,6253.800752744941,8384.8,8028.0,IC,far
2015-04-17,,IC1505,0.0,6.444793895491222,10000000.0,1000.0,,7758.2,IC,carry
2015-05-08,IC1505,IC1506,6.444137855474213,6.512843443988978,21062535.697860356,2106.2535697860358,8171.2,8085.0,IC,carry
2015-06-12,IC1506,IC1507,6.511588702394303,6.527467839756282,29765253.349288646,2976.5253349288646,11427.8,11400.0,IC,carry
2015-07-10,IC1507,IC1509,6.526141570824936,6.718542030790407,18814605.103025455,1881.4605103025456,7207.4,7001.0,IC,carry
2015-09-11,IC1509,IC1510,6.7172227272938,6.967262813303961,17249827.96369048,1724.982796369048,6420.0,6189.6,IC,carry
2015-10-09,IC1510,IC1512,6.965706481365754,7.424370035736835,17851155.313925646,1785.1155313925647,6406.8,6011.0,IC,carry
2015-12-11,IC1512,IC1601,7.422958513451735,7.735932279757904,21459476.144048423,2145.947614404842,7227.4,6935.0,IC,carry
2016-01-08,IC1601,IC1603,7.734433605238044,8.214755076142199,19799531.274720974,1979.9531274720975,6399.8,6025.6,IC,carry
2016-03-11,IC1603,IC1604,8.21295905635114,8.497073881701766,17783355.985535994,1778.3355985535995,5413.2,5232.2,IC,carry
2016-04-08,IC1604,IC1606,8.495440658345856,9.056214393133802,20777129.30930329,2077.712930930329,6114.2,5735.6,IC,carry
2016-06-13,IC1606,IC1607,9.054446851814895,9.225042544365976,20760035.74184119,2076.003574184119,5732.0,5626.0,IC,carry
2016-07-08,IC1607,IC1609,9.2231966359453,9.54339151156063,23113330.76967892,2311.3330769678923,6265.0,6054.8,IC,carry
2016-09-12,IC1609,IC1610,9.541474795219669,9.691746439177503,23876586.527557697,2387.6586527557697,6256.0,6159.0,IC,carry
2016-10-14,IC1610,IC1612,9.689816730587255,9.948252865011554,25065617.91868311,2506.5617918683115,6467.0,6299.0,IC,carry
2016-12-09,IC1612,IC1701,9.9462436245328,10.07072376023082,25685179.5359935,2568.51795359935,6456.0,6376.2,IC,carry
2017-01-13,IC1701,IC1702,10.068606058473364,10.18799143001504,24883150.268668734,2488.3150268668733,6178.4,6106.0,IC,carry
2017-02-10,IC1702,IC1703,10.185889747004323,10.315360285364044,25644810.89823784,2564.4810898237843,6294.2,6215.2,IC,carry
2017-03-10,IC1703,IC1704,10.313309414109893,10.46546550183785,26444975.467284024,2644.4975467284025,6410.4,6317.2,IC,carry
2017-04-14,IC1704,IC1706,10.463397083424297,10.64232554880895,27283517.162970524,2728.3517162970525,6518.8,6409.2,IC,carry
2017-06-09,IC1706,IC1707,10.640175264166587,10.719976578647836,25384904.538238075,2538.4904538238075,5964.4,5920.0,IC,carry
2017-07-14,IC1707,IC1708,10.717803073293496,10.80790739860434,26123144.498722635,2612.3144498722636,6093.4,6042.6,IC,carry
2017-08-11,IC1708,IC1709,10.80564832552216,10.876514329755647,26535214.480018258,2653.521448001826,6139.2,6099.2,IC,carry
2017-09-08,IC1709,IC1712,10.874387216413568,11.097930964087928,28504813.72264056,2850.481372264056,6553.2,6421.2,IC,carry
2017-12-08,IC1712,IC1801,11.09574934372874,11.169926047314728,27402062.579272494,2740.2062579272497,6174.0,6133.0,IC,carry
2018-01-12,IC1801,IC1803,11.167728386977304,11.273041118793818,28594745.180287644,2859.4745180287646,6401.2,6341.4,IC,carry
2018-03-09,IC1803,IC1804,11.270740796978536,11.33805064140061,27946027.22092422,2794.602722092422,6198.8,6162.0,IC,carry
2018-04-13,IC1804,IC1805,11.335813015578069,11.434749282246424,27251294.48944968,2725.1294489449683,6010.0,5958.0,IC,carry
2018-05-11,IC1805,IC1806,11.43245617248391,11.520111282526159,27405883.93667843,2740.588393667843,5993.0,5947.4,IC,carry
2018-06-08,IC1806,IC1809,11.517796210567601,11.751641117403144,26069840.654847134,2606.9840654847135,5658.6,5546.0,IC,carry
2018-09-14,IC1809,IC1810,11.749281023872058,11.83676484794591,21874341.43900404,2187.4341439004043,4654.4,4620.0,IC,carry
2018-10-12,IC1810,IC1811,11.834369156972095,11.945221891056702,20199848.02665253,2019.984802665253,4267.2,4227.6,IC,carry
2018-11-09,IC1811,IC1812,11.942789918637102,12.004339360514859,20870264.238616712,2087.0264238616714,4368.8,4346.4,IC,carry
2018-12-14,IC1812,IC1901,12.00200360514422,12.0705864828879,20785549.923532963,2078.5549923532963,4329.6,4305.0,IC,carry
2019-01-11,IC1901,IC1902,12.068166839283723,12.14024249043286,20815174.164396565,2081.5174164396567,4312.0,4286.4,IC,carry
2019-02-11,IC1902,IC1909,12.13780430525508,12.407533289816307,21395550.40495924,2139.555040495924,4406.8,4311.0,IC,carry
2019-09-16,IC1909,IC1912,12.405066416863404,12.65244300909063,25988117.940672155,2598.8117940672155,5237.4,5135.0,IC,carry
2019-12-13,IC1912,IC2006,12.649853364069871,13.015293572365223,25770281.273283143,2577.0281273283144,5093.0,4950.0,IC,carry
2020-06-12,IC2006,IC2007,13.012724922043418,13.199662161794913,29035032.864057034,2903.5032864057034,5578.2,5499.2,IC,carry
2020-07-10,IC2007,IC2012,13.197007003824206,13.57362372378081,35310967.69999235,3531.096769999235,6689.2,6503.6,IC,carry
2020-12-11,IC2012,IC2103,13.570981128877373,13.933461603091157,33636490.9867903,3363.64909867903,6196.4,6035.2,IC,carry
2021-03-12,IC2103,IC2109,13.930698258558829,14.881759335956488,34632830.32663794,3463.283032663794,6215.2,5818.0,IC,carry
2021-09-10,IC2109,IC2110,14.878771078146668,14.997665367583915,45194564.72529207,4519.4564725292075,7593.8,7533.6,IC,carry
2021-10-08,IC2110,IC2203,14.994666487570218,15.639099691451593,42473292.50603189,4247.329250603189,7081.4,6789.6,IC,carry
2022-03-11,IC2203,IC2204,15.635980007420457,15.678555854955981,40535965.44963739,4053.5965449637392,6481.2,6463.6,IC,carry
2022-04-08,IC2204,IC2206,15.675336222286072,15.892352566511546,38937535.17615861,3893.753517615861,6210.0,6125.2,IC,carry
2022-06-10,IC2206,IC2207,15.889059374630413,16.01305654872459,39725190.68607597,3972.519068607597,6250.4,6202.0,IC,carry
2022-07-08,IC2207,IC2208,16.009835234316355,16.111300688583974,40877592.10707526,4087.759210707526,6383.2,6343.0,IC,carry
2022-08-12,IC2208,IC2209,16.10803704273985,16.188241780465574,41355129.98204857,4135.5129982048575,6418.4,6386.6,IC,carry
2022-09-09,IC2209,IC2303,16.185009781104466,16.6941951590595,40880745.1055049,4088.0745105504902,6314.6,6122.0,IC,carry
2023-03-10,IC2303,IC2309,16.690849535525814,17.12710333645436,41413335.86754665,4141.333586754665,6203.0,6045.0,IC,carry
2023-09-08,IC2309,IC2403,17.123693477219113,17.219812493772025,39021472.69588691,3902.147269588691,5697.0,5665.2,IC,carry
2024-03-08,IC2403,IC2406,17.216403212443435,17.491891838533846,36816933.941746034,3681.6933941746033,5346.2,5262.0,IC,carry
2024-06-14,IC2406,IC2407,17.488467300256435,17.58836282941267,36457158.47280657,3645.7158472806573,5211.6,5182.0,IC,carry
2024-07-12,IC2407,IC2408,17.58483541335141,17.66762993013894,34522548.88349149,3452.2548883491486,4908.0,4885.0,IC,carry
2024-08-09,IC2408,IC2409,17.66406334279796,17.761400556434054,33263550.962089695,3326.35509620897,4707.8,4682.0,IC,carry
2024-09-13,IC2409,IC2410,17.75785700403973,17.861534920017153,31572049.12462232,3157.204912462232,4444.8,4419.0,IC,carry
2024-10-11,IC2410,IC2503,17.85797771694562,18.078812804992012,39180403.11097869,3918.0403110978696,5485.0,5418.0,IC,carry
2025-03-14,IC2503,IC2504,18.075271573682564,18.198261035092262,44076188.22699346,4407.618822699346,6096.2,6055.0,IC,carry
2025-04-11,IC2504,IC2505,18.194609925580522,18.394587077290147,40434245.529816106,4043.4245529816108,5555.8,5495.4,IC,carry
2025-05-09,IC2505,IC2506,18.390921398779064,18.711174383456633,41948956.073759094,4194.89560737591,5702.4,5604.8,IC,carry
2025-06-13,IC2506,IC2507,18.707486516353416,18.973089904437884,42870076.10087549,4287.007610087549,5729.0,5648.8,IC,carry
2025-07-11,IC2507,IC2508,18.969321192971783,19.126832548509903,45700888.61810762,4570.088861810762,6023.0,5973.4,IC,carry
2025-08-08,IC2508,IC2509,19.122992656971114,19.345331611261255,48185351.97732953,4818.535197732953,6299.4,6227.0,IC,carry
2025-09-12,IC2509,IC2603,19.34150626852076,20.189817946964656,55239341.9028953,5523.93419028953,7140.0,6840.0,IC,carry
2026-03-13,IC2603,IC2604,20.1857439650396,20.306388705455266,66320665.51201689,6632.066551201689,8213.8,8165.0,IC,carry
2026-04-10,IC2604,IC2606,20.302312935245645,20.64256067521246,64640940.20078731,6464.094020078732,7959.8,7828.6,IC,carry
2026-06-15,IC2606,IC2612,20.638421287636724,21.555684455976134,69219613.92503056,6921.961392503056,8384.8,8028.0,IC,carry
2015-04-17,,IC1505,0.0,6.444793895491222,10000000.0,1000.0,,7758.2,IC,liquid
2015-05-08,IC1505,IC1506,6.444137855474213,6.512843443988978,21062535.697860356,2106.2535697860358,8171.2,8085.0,IC,liquid
2015-06-12,IC1506,IC1507,6.511588702394303,6.527467839756282,29765253.349288646,2976.5253349288646,11427.8,11400.0,IC,liquid
2015-07-10,IC1507,IC1509,6.526141570824936,6.718542030790407,18814605.103025455,1881.4605103025456,7207.4,7001.0,IC,liquid
2015-09-11,IC1509,IC1512,6.7172227272938,7.335358038650484,17249827.96369048,1724.982796369048,6420.0,5879.0,IC,liquid
2015-12-11,IC1512,IC1601,7.333718896122531,7.642930057654791,21201487.97993439,2120.148797993439,7227.4,6935.0,IC,liquid
2016-01-08,IC1601,IC1603,7.641449400363561,8.11599639412618,19561499.148978688,1956.149914897869,6399.8,6025.6,IC,liquid
2016-03-11,IC1603,IC1604,8.114221966281056,8.394921132195368,17569562.539149042,1756.9562539149042,5413.2,5232.2,IC,liquid
2016-04-08,IC1604,IC1606,8.393307543628882,8.947339595378986,20527344.393302284,2052.7344393302287,6114.2,5735.6,IC,liquid
2016-06-13,IC1606,IC1609,8.945593303634707,9.408466204850301,20510456.32657366,2051.045632657366,5732.0,5450.0,IC,liquid
2016-09-12,IC1609,IC1610,9.406580523766099,9.55472767603194,23539027.102672286,2353.902710267229,6256.0,6159.0,IC,liquid
2016-10-14,IC1610,IC1612,9.55282524903495,9.807607697334342,24711248.354203608,2471.124835420361,6467.0,6299.0,IC,liquid
2016-12-09,IC1612,IC1703,9.805626862844855,10.205566181932353,25322050.810610555,2532.205081061056,6456.0,6203.0,IC,liquid
2017-03-10,IC1703,IC1706,10.203420686443947,10.623356824489244,26163203.18735211,2616.320318735211,6410.4,6157.0,IC,liquid
2017-06-09,IC1706,IC1709,10.621262150627912,10.828966832684635,25339782.38848204,2533.9782388482045,5964.4,5850.0,IC,liquid
2017-09-08,IC1709,IC1712,10.82676774526946,11.049332583987391,28379989.75531993,2837.998975531993,6553.2,6421.2,IC,liquid
2017-12-08,IC1712,IC1803,11.047160517049985,11.237176919775042,27282067.612906642,2728.2067612906644,6174.0,6069.6,IC,liquid
2018-03-09,IC1803,IC1806,11.234961595999497,11.414685625988607,27857311.976512678,2785.731197651268,6198.8,6101.2,IC,liquid
2018-06-08,IC1806,IC1809,11.412435648620871,11.644141428288147,25831363.344514426,2583.1363344514425,5658.6,5546.0,IC,liquid
2018-09-14,IC1809,IC1812,11.641802924024326,11.901600669824903,21674243.01183153,2167.424301183153,4654.4,4552.8,IC,liquid
2018-12-14,IC1812,IC1903,11.899188646061475,12.065275681964348,20607490.864795104,2060.7490864795104,4329.6,4270.0,IC,liquid
2019-03-08,IC1903,IC1906,12.062854900545817,12.119604047205947,25555881.878100343,2555.5881878100345,5296.4,5271.6,IC,liquid
2019-06-14,IC1906,IC1909,12.11724765278361,12.66204590395609,23115831.002262235,2311.5831002262235,4769.2,4564.0,IC,liquid
2019-09-16,IC1909,IC1912,12.659520324542342,12.911971129066808,26521188.69910322,2652.1188699103222,5237.4,5135.0,IC,liquid
2019-12-13,IC1912,IC2003,12.909328364999931,13.083501027410778,26298883.745177858,2629.888374517786,5093.0,5025.2,IC,liquid
2020-03-13,IC2003,IC2006,13.08091992172416,13.438659150062524,28500708.3254526,2850.07083254526,5447.0,5302.0,IC,liquid
2020-06-12,IC2006,IC2009,13.435806626378374,13.98328604113285,29979046.60930554,2997.9046609305537,5578.2,5359.8,IC,liquid
2020-09-11,IC2009,IC2012,13.980468609636711,14.499016228245624,35118937.14740742,3511.8937147407423,6280.0,6055.4,IC,liquid
2020-12-11,IC2012,IC2103,14.496134032483353,14.883325311320226,35929537.96755193,3592.9537967551933,6196.4,6035.2,IC,liquid
2021-03-12,IC2103,IC2106,14.880373585697878,15.398684300670904,36993799.16393178,3699.379916393178,6215.2,6006.0,IC,liquid
2021-06-11,IC2106,IC2109,15.395592518513682,15.828124373990866,41420302.11180922,4142.0302111809215,6726.0,6542.2,IC,liquid
2021-09-10,IC2109,IC2112,15.82492537449946,16.277200832864768,48068527.3235496,4806.85273235496,7593.8,7382.8,IC,liquid
2021-12-10,IC2112,IC2203,16.273944005706248,16.59533411461814,47663127.20391247,4766.312720391247,7322.0,7180.2,IC,liquid
2022-03-11,IC2203,IC2206,16.592019609239788,16.802530858032018,43014478.99656196,4301.447899656197,6481.2,6400.0,IC,liquid
2022-06-10,IC2206,IC2209,16.799076173429025,17.171045905870933,42000378.285760306,4200.037828576031,6250.4,6115.0,IC,liquid
2022-09-09,IC2209,IC2212,17.167592835634764,17.421412547793413,43362592.687959716,4336.259268795971,6314.6,6222.6,IC,liquid
2022-12-09,IC2212,IC2303,17.417919156603737,17.493484966393776,43225701.61256036,4322.570161256036,6204.2,6177.4,IC,liquid
2023-03-10,IC2303,IC2306,17.489969642559835,17.70691720137076,43396112.67711946,4339.611267711946,6203.0,6127.0,IC,liquid
2023-06-09,IC2306,IC2309,17.70339477777109,17.818440454483234,42554712.23101504,4255.471223101505,6009.4,5970.6,IC,liquid
2023-09-08,IC2309,IC2312,17.814881894668336,17.846207517834625,40596552.86157021,4059.6552861570212,5697.0,5687.0,IC,liquid
2023-12-08,IC2312,IC2403,17.842676416653717,18.05745849610322,39242468.803731516,3924.2468803731517,5498.4,5433.0,IC,liquid
2024-03-08,IC2403,IC2406,18.05388674660628,18.342776382498386,38607875.7298826,3860.78757298826,5346.2,5262.0,IC,liquid
2024-06-14,IC2406,IC2409,18.339185259227353,18.578745411902123,38230599.158795714,3823.0599158795717,5211.6,5144.4,IC,liquid
2024-09-13,IC2409,IC2412,18.575020459430146,18.864472635853197,33024900.375230044,3302.4900375230045,4444.8,4376.6,IC,liquid
2024-12-13,IC2412,IC2503,18.860707113844175,19.138943226232467,45252117.36410405,4525.211736410405,5998.2,5911.0,IC,liquid
2025-03-14,IC2503,IC2506,19.135060664998,19.588775285635734,46660462.73038432,4666.046273038432,6096.2,5955.0,IC,liquid
2025-06-13,IC2506,IC2509,19.58484592312206,20.245684282491208,44880632.91742651,4488.063291742651,5729.0,5542.0,IC,liquid
2025-09-12,IC2509,IC2512,20.241663758777133,20.679584368942987,57810191.695067495,5781.01916950675,7140.0,6988.8,IC,liquid
2025-12-12,IC2512,IC2603,20.675418596264162,21.19298351283064,59330181.20383964,5933.018120383964,7174.0,6998.8,IC,liquid
2026-03-11,IC2603,IC2606,21.188709063253253,21.60372804946669,70855043.10751888,7085.504310751889,8360.0,8199.4,IC,liquid
2026-06-15,IC2606,IC2609,21.599368478250014,22.068382133457302,72442553.92657228,7244.255392657228,8384.8,8206.6,IC,liquid
2022-07-25,,IM2208,0.0,7.268921001366557,10000000.0,1000.0,,6878.6,IM,front
2022-08-12,IM2208,IM2209,7.268205725336234,7.321119219919725,20997555.612267364,2099.7555612267365,7222.4,7170.2,IM,front
2022-09-09,IM2209,IM2210,7.319664104622021,7.378581754389459,20240335.18210081,2024.0335182100812,6913.0,6857.8,IM,front
2022-10-14,IM2210,IM2211,7.377101269032714,7.428958128515026,18938494.377860785,1893.8494377860786,6418.0,6373.2,IM,front
2022-11-11,IM2211,IM2212,7.42747841175774,7.444058104752523,19742237.618452072,1974.2237618452073,6645.0,6630.2,IM,front
2022-12-09,IM2212,IM2301,7.442557332193634,7.48172986469488,19900802.901699204,1990.0802901699205,6684.8,6649.8,IM,front
2023-01-13,IM2301,IM2302,7.480229351357205,7.489845807823595,19575461.00332775,1957.546100332775,6542.4,6534.0,IM,front
2023-02-10,IM2302,IM2303,7.488361185758996,7.497386932467425,20900315.60390079,2090.031560390079,6977.6,6969.2,IM,front
2023-03-10,IM2303,IM2304,7.4958986662570934,7.527566175172415,20384046.99707289,2038.4046997072892,6798.4,6769.8,IM,front
2023-04-14,IM2304,IM2305,7.52606763778719,7.545674627625111,21085633.17943561,2108.5633179435613,7004.2,6986.0,IM,front
2023-05-12,IM2305,IM2306,7.544166118466707,7.565687819356811,19731313.83288257,1973.131383288257,6538.6,6520.0,IM,front
2023-06-09,IM2306,IM2307,7.564183114250309,7.585474854279285,19618465.3251196,1961.84653251196,6484.0,6465.8,IM,front
2023-07-14,IM2307,IM2308,7.5839642433076975,7.600231364405645,19842684.046190258,1984.268404619026,6541.0,6527.0,IM,front
2023-08-11,IM2308,IM2309,7.598704334663282,7.59147894226899,19160892.85028693,1916.0892850286932,6304.0,6310.0,IM,front
2023-09-08,IM2309,IM2310,7.589964381691713,7.593964231173188,18444827.841811933,1844.4827841811934,6075.4,6072.2,IM,front
2023-10-13,IM2310,IM2311,7.5924658176095825,7.607720771986203,18477632.21100009,1847.7632211000089,6084.2,6072.0,IM,front
2023-11-10,IM2311,IM2312,7.606180866487187,7.634119781612774,18455637.254444513,1845.5637254444514,6066.0,6043.8,IM,front
2023-12-08,IM2312,IM2401,7.632604936921421,7.671211554195235,18320694.282191224,1832.0694282191225,6000.8,5970.6,IM,front
2024-01-12,IM2401,IM2402,7.669693733546091,7.71668054718233,17029787.96596574,1702.978796596574,5551.0,5517.2,IM,front
2024-02-19,IM2402,IM2403,7.71512946533645,7.763090145821727,15385202.574595334,1538.5202574595335,4985.4,4954.6,IM,front
2024-03-08,IM2403,IM2404,7.761548079532866,7.826525214824227,16603503.651736708,1660.350365173671,5348.0,5303.6,IM,front
2024-04-12,IM2404,IM2405,7.824991563074209,7.908410471799158,16617152.08334439,1661.7152083344392,5309.0,5253.0,IM,front
2024-05-10,IM2405,IM2406,7.906811579732005,7.993011284431461,17596134.761998795,1759.6134761998796,5563.6,5503.6,IM,front
2024-06-14,IM2406,IM2407,7.9913949607123715,8.070560885830194,16554334.489014894,1655.4334489014896,5178.8,5128.0,IM,front
2024-07-12,IM2407,IM2408,8.068946110084116,8.131130654375628,15699587.067468463,1569.9587067468462,4864.2,4827.0,IM,front
2024-08-09,IM2408,IM2409,8.12948338046575,8.226722645358617,15241155.44169719,1524.115544169719,4687.0,4631.6,IM,front
2024-09-13,IM2409,IM2410,8.225074503534264,8.294180152331082,14531403.626884056,1453.1403626884057,4416.8,4380.0,IM,front
2024-10-11,IM2410,IM2411,8.292515681459982,8.329378133090845,17988125.01622299,1798.8125016222991,5423.0,5399.0,IM,front
2024-11-08,IM2411,IM2412,8.327771254306635,8.362743248041228,21347741.944139805,2134.7741944139807,6408.6,6381.8,IM,front
2024-12-13,IM2412,IM2501,8.361098518559738,8.411362993121559,21267290.191808548,2126.7290191808547,6359.0,6321.0,IM,front
2025-01-10,IM2501,IM2502,8.409655151504907,8.469380640616736,18603502.739953097,1860.3502739953099,5530.4,5491.4,IM,front
2025-02-14,IM2502,IM2503,8.467694157923633,8.515455599219212,21136042.03371002,2113.6042033710023,6240.2,6205.2,IM,front
2025-03-14,IM2503,IM2504,8.51375616894255,8.59468989163762,22349631.59421447,2234.963159421447,6562.8,6501.0,IM,front
2025-04-11,IM2504,IM2505,8.592962972851165,8.700017168688671,20055975.57863462,2005.597557863462,5835.0,5763.2,IM,front
2025-05-09,IM2505,IM2506,8.698286241718893,8.860687804800166,21071424.454839185,2107.1424454839184,6056.2,5945.2,IM,front
2025-06-13,IM2506,IM2507,8.858942439055264,8.99976249585908,21559831.035080016,2155.9831035080015,6084.2,5989.0,IM,front
2025-07-11,IM2507,IM2508,8.997976735346423,9.088114243338875,23224857.71113736,2322.4857711137365,6452.8,6388.8,IM,front
2025-08-08,IM2508,IM2509,9.086292045770838,9.187745521916638,24751786.43604342,2475.178643604342,6810.2,6735.0,IM,front
2025-09-12,IM2509,IM2510,9.185938958817715,9.269698271191318,27163923.81389904,2716.392381389904,7392.8,7326.0,IM,front
2025-10-10,IM2510,IM2511,9.267837799541475,9.383220619433905,27856154.71732582,2785.615471732582,7514.2,7421.8,IM,front
2025-11-14,IM2511,IM2512,9.381336981557991,9.504012088044995,28025430.84522708,2802.5430845227083,7468.4,7372.0,IM,front
2025-12-12,IM2512,IM2601,9.502116853143475,9.600708716405208,27981073.539788656,2798.107353978866,7361.8,7286.2,IM,front
2026-01-09,IM2601,IM2602,9.598774843240767,9.671546707637342,31331168.990325324,3133.1168990325327,8160.2,8098.8,IM,front
2026-02-24,IM2602,IM2603,9.669671386772619,9.71596796359721,32144308.41076501,3214.430841076501,8310.6,8271.0,IM,front
2026-03-13,IM2603,IM2604,9.714055696253546,9.797104314726987,31811589.594091117,3181.158959409112,8187.0,8117.6,IM,front
2026-04-10,IM2604,IM2605,9.795145514142611,9.882883210860976,31246514.19011493,3124.651419011493,7975.0,7904.2,IM,front
2026-05-08,IM2605,IM2606,9.880909386195285,9.971461331693728,34470145.248305425,3447.0145248305425,8721.4,8642.2,IM,front
2026-06-15,IM2606,IM2607,9.969485314211227,10.054666198800842,33797352.774001196,3379.7352774001197,8475.2,8403.4,IM,front
2026-07-10,IM2607,IM2608,10.052683474063777,10.160667406087128,32917310.98215235,3291.7310982152353,8186.2,8099.2,IM,front
2026-08-14,IM2608,IM2609,10.158543499036305,10.265570584082752,31413467.23293995,3141.346723293995,7730.8,7650.2,IM,front
2022-07-25,,IM2209,0.0,7.328154770628756,10000000.0,1000.0,,6823.0,IM,next
2022-09-09,IM2209,IM2212,7.3274339266775455,7.492168427025865,20261820.29404875,2026.182029404875,6913.0,6761.0,IM,next
2022-12-09,IM2212,IM2303,7.490663386349139,7.602111283941629,20029434.64202669,2002.943464202669,6684.8,6586.8,IM,next
2023-03-10,IM2303,IM2306,7.600585845187095,7.715897564496468,20668729.123967983,2066.8729123967983,6798.4,6696.8,IM,next
2023-06-09,IM2306,IM2309,7.714361112348486,7.7852011599171345,20007966.980987035,2000.7966980987035,6484.0,6425.0,IM,next
2023-09-08,IM2309,IM2312,7.783651489893473,7.807038939064057,18915518.504679523,1891.5518504679524,6075.4,6057.2,IM,next
2023-12-08,IM2312,IM2403,7.805499586864399,7.928909828495767,18735696.768342357,1873.569676834236,6000.8,5907.4,IM,next
2024-03-08,IM2403,IM2406,7.927341936177101,8.127957184561952,16958169.869870055,1695.8169869870055,5348.0,5216.0,IM,next
2024-06-14,IM2406,IM2409,8.12636309331558,8.34122352789922,16833923.675065093,1683.3923675065093,5178.8,5045.4,IM,next
2024-09-13,IM2409,IM2412,8.33955465518223,8.54224141952896,14733658.00040355,1473.365800040355,4416.8,4312.0,IM,next
2024-12-13,IM2412,IM2503,8.540524281859586,8.708699834569947,21723677.56333804,2172.367756333804,6359.0,6236.2,IM,next
2025-03-14,IM2503,IM2506,8.706931201108565,8.972998349083774,22856739.234654117,2285.673923465412,6562.8,6368.2,IM,next
2025-06-13,IM2506,IM2509,8.971194905057205,9.368463842873407,21833017.616539616,2183.301761653962,6084.2,5826.2,IM,next
2025-09-12,IM2509,IM2512,9.366605780952629,9.65281632895988,27698177.286970638,2769.817728697064,7392.8,7173.6,IM,next
2025-12-12,IM2512,IM2603,9.650877358369948,9.978907966073187,28419131.574739154,2841.9131574739154,7361.8,7119.8,IM,next
2026-03-13,IM2603,IM2606,9.976898774794423,10.2727726971076,32672348.10769678,3267.234810769678,8187.0,7951.2,IM,next
2026-06-15,IM2606,IM2609,10.270718345671904,10.557988516512447,34818556.84929541,3481.855684929541,8475.2,8244.6,IM,next
2022-07-25,,IM2303,0.0,7.674597083653108,10000000.0,1000.0,,6515.0,IM,far
2023-03-10,IM2303,IM2309,7.673842178267697,7.920363251462789,20867939.465894043,2086.7939465894046,6798.4,6586.8,IM,far
2023-09-08,IM2309,IM2403,7.918786678327742,7.969156300399597,19243918.634204946,1924.3918634204947,6075.4,6037.0,IM,far
2024-03-08,IM2403,IM2409,7.967585108789356,8.322066552440427,17044258.064722188,1704.425806472219,5348.0,5120.2,IM,far
2024-09-13,IM2409,IM2503,8.320433485580399,8.707219499386698,14699876.2476446,1469.98762476446,4416.8,4220.6,IM,far
2025-03-14,IM2503,IM2509,8.70546708956887,9.200038553208145,22852895.766169034,2285.2895766169036,6562.8,6210.0,IM,far
2025-09-12,IM2509,IM2603,9.19818535114208,9.751669916813395,27200137.865569264,2720.0137865569263,7392.8,6973.2,IM,far
2026-03-13,IM2603,IM2609,9.749708589898136,10.304784950360967,31928345.690198414,3192.8345690198416,8187.0,7746.0,IM,far
2022-07-25,,IM2208,0.0,7.268921001366557,10000000.0,1000.0,,6878.6,IM,carry
2022-08-12,IM2208,IM2209,7.268205725336234,7.321119219919725,20997555.612267364,2099.7555612267365,7222.4,7170.2,IM,carry
2022-09-09,IM2209,IM2210,7.319664104622021,7.378581754389459,20240335.18210081,2024.0335182100812,6913.0,6857.8,IM,carry
2022-10-14,IM2210,IM2211,7.377101269032714,7.428958128515026,18938494.377860785,1893.8494377860786,6418.0,6373.2,IM,carry
2022-11-11,IM2211,IM2306,7.42747841175774,7.652030084671345,19742237.618452072,1974.2237618452073,6645.0,6450.0,IM,carry
2023-06-09,IM2306,IM2309,7.650489497537588,7.720743019771786,19842309.56081349,1984.2309560813492,6484.0,6425.0,IM,carry
2023-09-08,IM2309,IM2310,7.719206180353969,7.723274139211901,18758906.091249,1875.8906091249,6075.4,6072.2,IM,carry
2023-10-13,IM2310,IM2311,7.721750210684804,7.737264926193755,18792269.052739393,1879.2269052739393,6084.2,6072.0,IM,carry
2023-11-10,IM2311,IM2312,7.735698799207199,7.764113457756854,18769899.56639635,1876.989956639635,6066.0,6043.8,IM,carry
2023-12-08,IM2312,IM2401,7.762572818313008,7.801836828481678,18632658.78725308,1863.2658787253083,6000.8,5970.6,IM,carry
2024-01-12,IM2401,IM2402,7.800293162405478,7.848080066793448,17319770.937805124,1731.9770937805124,5551.0,5517.2,IM,carry
2024-02-19,IM2402,IM2409,7.846502573149363,8.228775701160929,15647181.571271531,1564.7181571271533,4985.4,4753.8,IM,carry
2024-09-13,IM2409,IM2412,8.22714147003483,8.427096114297273,14535055.377939936,1453.5055377939937,4416.8,4312.0,IM,carry
2024-12-13,IM2412,IM2506,8.42540212281768,8.784576504180624,21430852.83959905,2143.085283959905,6359.0,6099.0,IM,carry
2025-06-13,IM2506,IM2507,8.782790536799343,8.922400097511195,21374501.67359782,2137.450167359782,6084.2,5989.0,IM,carry
2025-07-11,IM2507,IM2508,8.920629687483201,9.009992369050776,23025215.69895664,2302.521569895664,6452.8,6388.8,IM,carry
2025-08-08,IM2508,IM2509,9.008185835182108,9.10876721228763,24539018.86990287,2453.9018869902875,6810.2,6735.0,IM,carry
2025-09-12,IM2509,IM2512,9.106976178493417,9.385253358476376,26930421.396946453,2693.0421396946454,7392.8,7173.6,IM,carry
2025-12-12,IM2512,IM2606,9.383368133520152,10.040476675196023,27631391.810139462,2763.139181013946,7361.8,6880.0,IM,carry
2026-06-15,IM2606,IM2612,10.038453140359852,10.618013885028308,34031159.22207113,3403.1159222071137,8475.2,8012.6,IM,carry
2022-07-25,,IM2208,0.0,7.268921001366557,10000000.0,1000.0,,6878.6,IM,liquid
2022-08-12,IM2208,IM2209,7.268205725336234,7.321119219919725,20997555.612267364,2099.7555612267365,7222.4,7170.2,IM,liquid
2022-09-09,IM2209,IM2212,7.319664104622021,7.484223924752556,20240335.18210081,2024.0335182100812,6913.0,6761.0,IM,liquid
2022-12-09,IM2212,IM2303,7.482720479982175,7.5940502010968665,20008195.945833936,2000.8195945833938,6684.8,6586.8,IM,liquid
2023-03-10,IM2303,IM2306,7.592526379878264,7.707715825612889,20646812.536385756,2064.6812536385755,6798.4,6696.8,IM,liquid
2023-06-09,IM2306,IM2309,7.706181002679155,7.776945933287416,19986751.048548654,1998.6751048548654,6484.0,6425.0,IM,liquid
2023-09-08,IM2309,IM2312,7.775397906493896,7.798760556216241,18895460.976445206,1889.5460976445206,6075.4,6057.2,IM,liquid
2023-12-08,IM2312,IM2403,7.797222836305977,7.9205022168982815,18715829.918441966,1871.5829918441966,6000.8,5907.4,IM,liquid
2024-03-08,IM2403,IM2406,7.918935987132208,8.11933850827896,16940187.86367322,1694.0187863673223,5348.0,5216.0,IM,liquid
2024-06-14,IM2406,IM2409,8.117746107365859,8.332378709483155,16816073.416330524,1681.6073416330526,5178.8,5045.4,IM,liquid
2024-09-13,IM2409,IM2412,8.330711606395779,8.533183446922282,14718034.80925155,1471.803480925155,4416.8,4312.0,IM,liquid
2024-12-13,IM2412,IM2503,8.531468130061436,8.69946535375079,21700642.33562427,2170.064233562427,6359.0,6236.2,IM,liquid
2025-03-14,IM2503,IM2506,8.697698595702734,8.963483612932682,22832502.53755116,2283.2502537551163,6562.8,6368.2,IM,liquid
2025-06-13,IM2506,IM2509,8.961682081231668,9.358529765306667,21809866.447451882,2180.986644745188,6084.2,5826.2,IM,liquid
2025-09-12,IM2509,IM2512,9.356673673626851,9.642580731346683,27668806.853755433,2766.8806853755436,7392.8,7173.6,IM,liquid
2025-12-12,IM2512,IM2603,9.64064381679118,9.968326589293703,28388996.66018132,2838.8996660181324,7361.8,7119.8,IM,liquid
2026-03-13,IM2603,IM2606,9.966319528509576,10.261879713742317,32637703.191963162,3263.7703191963164,8187.0,7951.2,IM,liquid
2026-06-15,IM2606,IM2609,10.259827540687919,10.546793097644306,34781636.1491353,3478.16361491353,8475.2,8244.6,IM,liquid
