product,scenario,parameter,start,end,observations,total_return,cagr,volatility,sharpe,max_drawdown,worst_day,best_day,calmar,dd_peak,dd_trough,dd_recovery,rolls,mean_leverage
IC,leverage,0.5,2015-04-16,2026-09-07,2771,1.0974737193862483,0.06716491102590805,0.1462713105518696,0.3971766383230755,-0.27501789499966667,-0.06208644485774928,0.0507309489959884,0.24422014802342026,2015-06-12,2015-08-26,2016-11-11,136,0.4998376297785756
IC,leverage,1.0,2015-04-16,2026-09-07,2771,2.474374463665697,0.11549186457435034,0.2925430462355981,0.4660294159060408,-0.5025856161901445,-0.12416666666666665,0.10146678170836942,0.22979540371616208,2015-06-12,2015-09-01,2017-09-05,136,0.9996799026048931
IC,leverage,1.5,2015-04-16,2026-09-07,2771,3.5079795342125113,0.1412803395901221,0.43881872788045023,0.4883339235449643,-0.6792178338923262,-0.18625937841403695,0.1521933580165864,0.20800446122049077,2015-06-12,2015-09-01,2020-07-02,136,1.4995285083373826
IC,leverage,2.0,2015-04-16,2026-09-07,2771,3.5652383627591293,0.14254518634332802,0.5850979807591091,0.4992428028395036,-0.8059294364842406,-0.24835840039317958,0.20291600311505187,0.1768705545303846,2015-06-12,2015-09-01,2021-02-19,136,1.9993840308193942
IC,leverage,2.5,2015-04-16,2026-09-07,2771,2.583503955479695,0.1185234974688707,0.7313815062938499,0.5055935781222887,-0.8903342001945178,-0.31046377547583726,0.2536351011146647,0.13312248079763309,2015-06-12,2015-09-01,2021-09-07,136,2.4992473550806653
IC,leverage,3.0,2015-04-16,2026-09-07,2771,1.1605584363219124,0.06994373800308384,0.8776700787417381,0.5096650157515608,-0.9434285456974648,-0.372575546056668,0.3043509876449979,0.07413782243717813,2015-06-12,2015-09-15,2026-01-23,136,2.99911940145834
IC,leverage,4.0,2015-04-16,2026-09-07,2771,-0.6615358315589082,-0.09069236152046467,1.170266131896007,0.514387406784662,-0.9923632613267633,-0.49681844089465443,0.40577426957951035,-0.09139028524616216,2015-06-12,2018-10-18,unrecovered,136,3.9988936022955937
IC,leverage,5.0,2015-04-16,2026-09-07,2771,-0.9847512606005255,-0.3072704422210597,1.462896038623121,0.5168253963388422,-0.9996930671598518,-0.6210874144332386,0.5071878151615616,-0.30736478256673444,2015-06-12,2024-09-13,unrecovered,136,4.9987153828020565
IC,one_way_cost,0.0,2015-04-16,2026-09-07,2771,2.570422297773933,0.11816456530982933,0.29255125172838753,0.4745045278165933,-0.5023921875764716,-0.12416666666666665,0.10146678170836942,0.23520382727257858,2015-06-12,2015-09-01,2017-09-01,136,0.9996700503696012
IC,one_way_cost,5e-05,2015-04-16,2026-09-07,2771,2.522075786530744,0.11682754891774016,0.2925469466519762,0.4702675680095968,-0.5024888988843341,-0.12416666666666665,0.1014667817083692,0.23249777095002497,2015-06-12,2015-09-01,2017-09-04,136,0.9996749757495418
IC,one_way_cost,0.0001,2015-04-16,2026-09-07,2771,2.474374463665697,0.11549186457435034,0.2925430462355981,0.4660294159060408,-0.5025856161901445,-0.12416666666666665,0.10146678170836942,0.22979540371616208,2015-06-12,2015-09-01,2017-09-05,136,0.9996799026048931
IC,one_way_cost,0.0002,2015-04-16,2026-09-07,2771,2.380873560729919,0.11282448786865307,0.2925364594208291,0.45754960415834656,-0.502779068787165,-0.12416666666666665,0.1014667817083692,0.22440172010504597,2015-06-12,2015-09-01,2017-09-06,136,0.9996897607438916
IC,one_way_cost,0.0005,2015-04-16,2026-09-07,2771,2.11499541689999,0.1048542187311452,0.2925264115016589,0.4320833592544701,-0.5033595703091702,-0.12416666666666676,0.1014667817083692,0.20830878146757462,2015-06-12,2015-09-01,2017-09-18,136,0.9997193706244517
IC,one_way_cost,0.001,2015-04-16,2026-09-07,2771,1.7169183886394253,0.09167614225370091,0.292542038784939,0.38955861682221765,-0.5043275509307967,-0.12416666666666665,0.10146678170836942,0.18177896901428772,2015-06-12,2015-09-01,2020-06-18,136,0.9997688388858227
IC,roll_calendar_days,3.0,2015-04-16,2026-09-07,2771,2.655017989994704,0.12046480965393447,0.2908255893048449,0.4828585941650245,-0.49326186182056164,-0.12416666666666665,0.10146678170836942,0.24422080638733235,2015-06-12,2015-09-01,2017-03-24,136,0.9996909804509495
IC,roll_calendar_days,7.0,2015-04-16,2026-09-07,2771,2.474374463665697,0.11549186457435034,0.2925430462355981,0.4660294159060408,-0.5025856161901445,-0.12416666666666665,0.10146678170836942,0.22979540371616208,2015-06-12,2015-09-01,2017-09-05,136,0.9996799026048931
IC,roll_calendar_days,10.0,2015-04-16,2026-09-07,2771,2.346674948312083,0.11183204280262071,0.2926090787009259,0.45432209260354794,-0.5086610806263647,-0.12434183333333337,0.10124648835202765,0.2198557095520476,2015-06-12,2015-09-01,2017-10-10,136,0.9996734254491272
IC,roll_calendar_days,14.0,2015-04-16,2026-09-07,2771,2.292247297211229,0.11023330721994506,0.2938488248718252,0.4484679376001321,-0.5071033019465068,-0.12198585676410834,0.12244582639481316,0.21737840553752366,2015-06-12,2015-09-01,2020-02-17,137,0.9996662434875383
IC,cash_yield_on_total_equity,0.01,2015-04-16,2026-09-07,2771,2.8938246384839794,0.12670551969374566,0.29254773594692096,0.5014658312801841,-0.501459691301967,-0.12413927316090234,0.10149417751969536,0.2526733890909023,2015-06-12,2015-09-01,2017-08-28,136,0.9996799055140113
IC,cash_yield_on_total_equity,0.02,2015-04-16,2026-09-07,2771,3.3638812318717237,0.1380311587969274,0.2925532692993528,0.5368995514486862,-0.5003312804726814,-0.12411187965497172,0.10152157333069312,0.27587953059126,2015-06-12,2015-09-01,2017-04-11,136,0.9996799084358267
IM,leverage,0.5,2022-07-22,2026-09-07,1001,0.29132292146265804,0.06388223285741668,0.12957909467271872,0.4071245396536254,-0.2183086837657735,-0.0498047220211455,0.05176210341372678,0.29262341632711614,2022-08-18,2024-02-05,2024-11-05,49,0.49942173662694167
IM,leverage,1.0,2022-07-22,2026-09-07,1001,0.5608846193768724,0.1138738238495578,0.2591589648644294,0.4848382224719992,-0.3983199140916548,-0.09960443551001885,0.10352918641957576,0.2858853394494231,2022-08-18,2024-02-05,2024-11-11,49,0.9988481504688109
IM,leverage,1.5,2022-07-22,2026-09-07,1001,0.7629652742314614,0.14720825390513137,0.38873900167170783,0.5100588978310148,-0.5443340608946404,-0.14941425273332865,0.15528697583012163,0.27043733707052464,2022-08-18,2024-02-05,2025-06-30,49,1.4982808615869951
IM,leverage,2.0,2022-07-22,2026-09-07,1001,0.860871316090895,0.16232483082799454,0.5183199593690181,0.5224170063560896,-0.6605449959659834,-0.19922925374942524,0.20704123033924526,0.24574379008141622,2022-08-18,2024-02-05,2025-07-21,49,1.9977204243007354
IM,leverage,2.5,2022-07-22,2026-09-07,1001,0.8344460627667591,0.15830535701027948,0.6479022910938071,0.5296308977451124,-0.7513500884453317,-0.2490495292681002,0.25879286933867784,0.21069453433863247,2022-08-18,2024-02-05,2025-08-11,49,2.4971676678417176
IM,leverage,3.0,2022-07-22,2026-09-07,1001,0.6873341468487844,0.13508915304349478,0.7774864551411623,0.5342730317346125,-0.8209990311305619,-0.29887517215252735,0.3105429853458155,0.1645424025135199,2022-08-18,2024-02-05,2025-08-18,49,2.9966234370740272
IM,leverage,4.0,2022-07-22,2026-09-07,1001,0.15334153538450224,0.03515818571250695,1.036662251671469,0.5397007593764969,-0.9121412290430511,-0.39854294262547263,0.414044154626799,0.03854467333900939,2022-08-18,2024-02-05,2026-01-05,49,3.9955640410672384
IM,leverage,5.0,2022-07-22,2026-09-07,1001,-0.41463387227787374,-0.12164707982259293,1.2958517284766045,0.5425591043796733,-0.9600772504711163,-0.49823335363764254,0.5175589480254355,-0.12670551225216503,2022-08-18,2024-02-05,2026-05-11,49,4.994549544162098
IM,one_way_cost,0.0,2022-07-22,2026-09-07,1001,0.5763654478976685,0.11653959358454924,0.2591443074439633,0.4944423294582841,-0.39627462907015054,-0.09960443551001885,0.10352918641957554,0.2940879507174274,2022-08-18,2024-02-05,2024-11-07,49,0.9988382612302649
IM,one_way_cost,5e-05,2022-07-22,2026-09-07,1001,0.5686067073821657,0.1152060450391379,0.2591514094929293,0.48964080755486983,-0.39729803698310806,-0.09960443551001874,0.10352918641957576,0.28997385920644786,2022-08-18,2024-02-05,2024-11-11,49,0.9988432051114207
IM,one_way_cost,0.0001,2022-07-22,2026-09-07,1001,0.5608846193768724,0.1138738238495578,0.2591589648644294,0.4848382224719992,-0.3983199140916548,-0.09960443551001885,0.10352918641957576,0.2858853394494231,2022-08-18,2024-02-05,2024-11-11,49,0.9988481504688109
IM,one_way_cost,0.0002,2022-07-22,2026-09-07,1001,0.5455497385038992,0.111213359389986,0.2591754353833095,0.4752299634455395,-0.4003590837705868,-0.09960443551001874,0.10352918641957576,0.2777840291334899,2022-08-18,2024-02-05,2024-11-11,49,0.998858045614356
IM,one_way_cost,0.0005,2022-07-22,2026-09-07,1001,0.5004076620276292,0.10326371480628427,0.25923572127088507,0.4463822890567042,-0.4064400578772981,-0.09960443551001885,0.10352918641957576,0.2540687434835938,2022-08-18,2024-02-05,2025-03-06,49,0.9988877665342398
IM,one_way_cost,0.001,2022-07-22,2026-09-07,1001,0.4279690516873733,0.0901196406809579,0.25937241430806324,0.3982386092948757,-0.41645416937434787,-0.09960443551001885,0.10352918641957554,0.2163974989525197,2022-08-18,2024-02-05,2025-07-08,49,0.9989374199263426
IM,roll_calendar_days,3.0,2022-07-22,2026-09-07,1001,0.5964070880368697,0.11996141816630312,0.25882832165500524,0.5070318432303239,-0.39386371124384056,-0.09960443551001885,0.10352918641957576,0.3045759605206054,2022-08-18,2024-02-05,2024-11-07,49,0.998855769720967
IM,roll_calendar_days,7.0,2022-07-22,2026-09-07,1001,0.5608846193768724,0.1138738238495578,0.2591589648644294,0.4848382224719992,-0.3983199140916548,-0.09960443551001885,0.10352918641957576,0.2858853394494231,2022-08-18,2024-02-05,2024-11-11,49,0.9988481504688109
IM,roll_calendar_days,10.0,2022-07-22,2026-09-07,1001,0.5592751988434701,0.11359553656927623,0.259750241929893,0.48331099357498286,-0.3946680422164346,-0.09960443551001885,0.10352918641957576,0.2878255252979942,2022-08-18,2024-02-05,2024-11-11,49,0.9988436683976966
IM,roll_calendar_days,14.0,2022-07-22,2026-09-07,1001,0.5677703008998667,0.11506198780214083,0.2630943366943368,0.4853856828751511,-0.39699782404673334,-0.09978451462291671,0.1295318943895587,0.2898302731971551,2022-08-18,2024-02-05,2024-11-07,50,0.9988410273405923
IM,cash_yield_on_total_equity,0.01,2022-07-22,2026-09-07,1001,0.6266810371799383,0.12506905539169955,0.2591693310887716,0.5249476403284463,-0.3894009522329801,-0.09949485770352684,0.10355658185917704,0.32118322945669187,2022-08-18,2024-02-05,2024-11-06,49,0.9988481534022773
IM,cash_yield_on_total_equity,0.02,2022-07-22,2026-09-07,1001,0.6952463396901734,0.1363760519791366,0.25918069537541155,0.5650516557814705,-0.38036492078982354,-0.09938527989701995,0.10358397729861557,0.35854003491161396,2023-04-07,2024-02-05,2024-10-08,49,0.9988481563542314
