file,bytes,sha256
201504.zip,20123,bb94c7e87fcd7a9a71e27a5a11dd66dc799d8cf843a9368de53bf97bfd821581
201505.zip,23216,070852cc7106cb9f805ff140756378993a36d35d363e932a0294e1150dac17e5
201506.zip,24770,d9753ac4bdf5ec13c022a234e0b5f8217dde4cc1fb4689cd58739d777c563d11
201507.zip,26827,dffdf655052dc102269f2f365a0ae5e0002c74a67a74225b10e4203f5fd129c2
201508.zip,24405,bb98fd0cc8aae11e48df0ef54286007f7f6a195f83728b5f217223f04f3c3a55
201509.zip,22295,e0daf0973ab449e14a7896f8ef2c4b6fdeab65472a17757cd3e7064f05c36037
201510.zip,18936,e4eba0c50d4cca1e71fbdee854378bf3a841900b3295b245b9f961c4da9d50f1
201511.zip,23743,c65ad2ca96ed42716972d864c6c0e103d53ccdacbcfb62194d6ea2bc26d9be7e
201512.zip,25621,bf1d7b9093b48570ffbbc47ed7c07948edc1779e4e5841d9c58670ab19cf83e4
201601.zip,22694,d9b3c6808a00b71ddcb10208dad4e05c4761ed364fa2494b36f8064f3413834e
201602.zip,18232,cd0d824f73dd2ddc4da00c780d92fd6137d859cc7ad03d6e5d011f514246644e
201603.zip,25956,d480ec44bd7c2eef192acea0ac9f6aba6e25fd0223da9c606689878ed71babd8
201604.zip,22767,bab627eb2950037fc2a15e96ce940263e71e52b503b14526afec1166a94658db
201605.zip,23764,f38ec5286aca81f52c708a67056dcebe4b277d7ca20166df8936f8309cc1b610
201606.zip,22376,92adc17a69ef84c2f14bea6d3b02d39047efb77b03c96c2509fd90a4bfb0e83b
201607.zip,23640,40a0d1c7a964ab97798ef5cb9c1f5fb93bc1bcaa0db3699d53d9ac8d919100fb
201608.zip,25898,15c61935a4c7c055e098c7876e2bd988737e1c8c298db9e62b5f56b7b9bb8901
201609.zip,22074,c5ab8c1ec69ab3668adf5d8b69590771f6708adefb6cbcfe3f827c32e1958c45
201610.zip,17845,70d8c52a9f013fcd17e492e9e4a92ed9d6aa05702d915dd3c148e7140a008bc2
201611.zip,24734,59c54b7d0043517ee1591acd174cc2aa4037624b1dce2d79ec2da2305c43db6c
201612.zip,24725,2623b9cfe8bbb0cf3580f3d88b81723180cd45c6603566917643f0a189f7d8c0
201701.zip,20220,b2eeb66fd5d8ead9901c0cbda7f452f07db09757b125827432d16d95af7a7597
201702.zip,20320,72982227d7682ac062f3f0f97f0275fb2f9a1a0521ed452283dcca2dae3c357b
201703.zip,25785,2317ce8f95893ce1be7f6668f08b3c7e023b3114f88c7ee25fb5c5b4ff839f75
201704.zip,20330,bd60af4949e56d028f037df5156ef4087232bb47cc0345be544a466b4b7e49ba
201705.zip,22696,34c8c0753fd449c0e0d64de40123bd46674784f03090bfbaeaea42f74410be12
201706.zip,24372,ba4cb0be3583895c79a06a4e641af55c7cd96320262d44dd3af74149c86cce73
201707.zip,23265,2541a7cd5f1f57ba6adf835a2dc36146d1509813aa41d41092f8a0037f5cfb03
201708.zip,25553,c756e733bc05ad0ece85654baf63c73748b21d1000780fa86ae2cadb6a095137
201709.zip,22821,b70f1a434723a13f1fd73d0d8ab682feba8ca0fc5b8401f084597e4b2d783462
201710.zip,18788,de7dd93d83887150c8e9ffb21e3e2b1a1e7e6349abfbd0e8671dc7a6c7ec0cc4
201711.zip,24685,3339ad72aa9d93f39166a7a041f8dec6ba792a72c9bf13281f60b285f836f526
201712.zip,22947,25c495958ba661905e529178d5f9a1a9ff501561da6de695e43e3d62b7e8e37e
201801.zip,24293,1812704fe0eb9f37d349cbfea82de41e82511ecd6daa9325fec52aa25cc2da55
201802.zip,16882,5799685f8c743a7f3db1b333985b936fdcb65f94091f1fc78018de81fe602f86
201803.zip,24208,00678a412f1c49b7a9f3f92d8e8bc4460eb8cf216d1752c32b124ebc281e0cad
201804.zip,20005,887a7ef80031adbd8851603d9c30a94ef5b63a3bb0de539a1218fd1d45015bae
201805.zip,24465,40661c750b8bcf895d340ee0a579b56d31ad14b8f67a6f1716afaf1dcacc29c5
201806.zip,21887,e82c7dceced92f51ff81bc3c9c232b0cfcb19122d213fdc9bb751ceae404a8db
201807.zip,24184,4513247511b70234beada109e27dd86dbf7c8a232788019f3cd7012c784ee727
201808.zip,26541,1f459e1471e45d6647f45619e212a793a037278f6bfa328a3286f4ca08d7c46f
201809.zip,22259,ef0cb2f00d31c57d1dcf31e22c63efeaaceeeb36835e2cb62c72e20a569ef8e6
201810.zip,21138,39852b78a637a0f8cbc5c29252d5f219bdbb127f2b84409369e09d0143adae2a
201811.zip,26511,5f4ea4d8337693c89772bf14d098c6407a6fe9b209d263be85f4d9cc32b05a6c
201812.zip,23563,3f82a195fbf77830eb31c89f00003e54e3122703adcc68ed405ac355ac0c73fe
201901.zip,26174,785f3ebbeb315d9f1880f534524efdc1543a303bc617ca5a7fcf45c3edc9e18f
201902.zip,18385,97a85d110d89aca9f197a7b6caa37766dd29b57bd655015592fa8f3ea29a176a
201903.zip,24845,2aafbb336b5f2b8d6f8dcd012ca40a903e994c749c0a020e672e81fbe22970b5
201904.zip,25463,fd7b67c4cbc145de2999e599663e403fe40bfdfcf5a973a308c11c01185b9929
201905.zip,25196,a3c33729b0d5b07a6ca7aaed5e4dddc9b02ba5eb82113b43a2ee82d321dacd2a
201906.zip,23570,586080f6db7cd1495a155a18095075d53255f0765fe36a39d3667faa9d9b307d
201907.zip,28832,c74493261f09a7291068894c079556b46de669e9a84a3b6129d648657dd6e3b5
201908.zip,27802,e9efdd6c825b992257b366969f040c6fd1c17577e69f4b4909a1c716c00982ad
201909.zip,24993,32c2250f192c755eed51ff6c30c26bd4583b46153360f887a1775e8224404f75
201910.zip,22543,a9c62db056c1cb6a6d186b1358290ccd14d8d9a2d7d58053402b795e83ce3077
201911.zip,26833,2184dfa5a41dd6fbfff4bcb179ef77afe61b5a2e654f45f7baf4ef88f9ccf3b9
201912.zip,67146,5393f1d7e0ccae2aeef6ecf7dfc8549ab32ac49f2831d66f7e4ffbaba388cc36
202001.zip,125814,16517f9a679419e1fd3ebe6dc017d5b6a081e7e1b4c1cd06383d451b4cdaba25
202002.zip,186454,ac622d120e96f74b2046315fa048c398d54d11ab1744af403d7dca68e9498b8c
202003.zip,210170,18758a95c011b4dc7f99f33abeefe43eda0d3d6a1c9e0be3191e9ad9722803f0
202004.zip,193206,599d4f19524c836d7b66089ee028c94b386b7b0ee87ca4afbfa14c2c1b059c48
202005.zip,155402,1e0bf7684dc946988904fd308748643360b702c336458d0bdfcc71a4fb01c53a
202006.zip,173699,244c46f018638940574e4a5ff05c4bcf76548a137f18bb7c10d7f1536d696639
202007.zip,268168,589980ce279aef03bad6e79c1c33372499a60275c4428cb5ced44125c84a4476
202008.zip,226097,cd682c98930d890f0e1e50b911a88267f35ba6901a5fefc8c965493c9c6809a5
202009.zip,219624,d1d93da3a150e5c581d80510f5a70446f8272821613dfb434d7a28fb0568d175
202010.zip,149516,18368b69ec632a04e5116b659d9e61ff70ecde2aa9030de91d8ccb4ea9e876a6
202011.zip,197963,236c85ed3b6141b54a5514e69104f2d5680fa5ace3f9f31b875391bd024e377c
202012.zip,205593,37f6eea982a811c6249bd82a21dcc9b9eb4c1363f86098c64f6a9a59d50e86bc
202101.zip,194254,0a6263a64d32b0bd804288f896adfc25bfbb0ff205c7f65e101ccb0a1df91cad
202102.zip,144757,d058bc42fbf8a4f46636858e8640133e8899ea906d0da95563432c83c58ba07a
202103.zip,227041,713395e000f5a4e7183b8eee9d35bda4d4cbef614a3bc128a335cd7b037eeab1
202104.zip,192170,dac873ba48d7149db4f7bad6405c6b8c96f3e41ed9f894c6dc8bd1545232e278
202105.zip,158035,d26737d40017e700c07a833654fbfbb35f40bf1c672a9569a95315352f7e0ac7
202106.zip,173440,d2f0274cea2b1a6b250d6b242b99d5c6110f411fd72439beee242501c00eb805
202107.zip,177067,90d7b8713d205b25af31919faab431f11369e588f4a895e1c97489d271c9eeef
202108.zip,192774,063547eb68f717a7b56d47c0a22b33d02dca8d4b46f29fb08636408bc6af83b4
202109.zip,170329,1eda38d7a5ff27b17809b7124909b193bac1478f51639b4d50ea824c7bb8f3f9
202110.zip,130698,8a8856cf42baab8b3eb92eeea14a9361670932987a355206e071bb225db67f4e
202111.zip,175198,26b01300c7802eb3095f12de323268a7a59c2606dd302e68cc9cd08d58ebe118
202112.zip,181447,1b9c5e038b37b1ec4d1f815e0fc9c9edf0241deaf04da8a66e9e28039bc6cdd7
202201.zip,154581,b44f14eb2064cbc1e9af21e63d095271dc4c966602e6c672bc0d777fc6edde1b
202202.zip,139716,10c7d17eace3201221c05daa7e944106999bbb6501ceb7e50f6bb0de4bbf6f47
202203.zip,238003,0b6616d0aaf6d72667b39d4d388e7a2821cf2e1eb86dcbba7590fd4036b51a9e
202204.zip,201688,512f3395d39022f6d1fc585f78197a9ba083abb8d16fa43a69bfceb7bcbc6ec9
202205.zip,200614,5ffea6d7e88869afbef801aeb5a1032b106d08aca2bece1f4329d0ff4d78c895
202206.zip,216344,a6c3dc78938443b4a377b830a03dee40dc6baf2c92e1dad8f88339fb19ce4728
202207.zip,244117,2a23b7baf87fa932beafdd182066534ab6a455c1b9f7656445af0f25def2c18e
202208.zip,350607,109890fc5c265d4c07f937e5832e9f3b3510d22a6c4439e3e50586f54f2c75ce
202209.zip,334650,5a852db7f1ddbb39221e8474dabb00c9478f2cf99c07c1def7d04f7cd3a27e8e
202210.zip,279391,d020681a139b57bfbde6bdd68113204652e5484df6e4363cd72e19914a9aca6d
202211.zip,369900,0768bdac35ab80e21e0e351383c767d2c42964e872afe0329d06ef31296ffe25
202212.zip,385294,59b3aca862139a16910d2bc732df7849ea67e530b151a30aac9c3f33fbe98ddd
202301.zip,323695,d4275b11d25ff0fbec59626e22267d7a36ee6ff6077caac84bb2d4e45434be79
202302.zip,411548,219ca2430e2d00cda639c48cd3f247a02946a51158e76851f0c9398df56dfa94
202303.zip,454199,bc216b566a913bea589dbf50bb877240e3140ff488c398aa33b75fb0d96e5750
202304.zip,372953,7a841185707f4dd696c3028af3563e551048d3d63a643c2d2a427e341a8cae6e
202305.zip,395001,6d22bf5dc77153c114ed1c661cd8ea0ee61266b65fce67c3f705b567bedc8326
202306.zip,405683,8a77a961125389be845eb1398c9dede591a7a7c0e2fdc47636b05162591f95ee
202307.zip,407896,9ec8ce24a47406599701655264aee9728138a04fdd345918746072908cebee25
202308.zip,467281,9df1a0bb03b9c7bd4d1ba28d9d0ae18998788068000ed42ed3946fdae95597ca
202309.zip,398825,f9d6d232a48ab5c4721862f963a7608999694b1cbc5f0ca87ba29e4734052f7e
202310.zip,343767,f47461f0bcb617eabe1c787508251c5b1f1a8b8de802cf32e2834d8abfe6c978
202311.zip,441561,447cbd9d3b97a8addfc404c1bd2b994b36280bc9c0735c4aa63d61cd4d76287b
202312.zip,447476,39881e480fdd5589a2cf9a92f9f6b191114b84bcaedbe342610b5deda3569022
202401.zip,502378,1b6ffec1ac852f01656af5ff18c0a6cb309f7caa0cd134e139bfe8fee5b9a371
202402.zip,402863,3d27b22880d26bd42bd99e56e9395dadf9af78dc28351bee290d1dedd11ce8d4
202403.zip,513686,5bf6291462d1aab31a1d803501e60f6b9fd3bd7e283c325f72b644be79862617
202404.zip,465934,39d61738e7fc5c497e32dcc18efdac1b8de426775908323209c644d4ba4ab196
202405.zip,443719,0de71610570dd7849439e81871c336141b00d7d629698f952f8b931715971fa2
202406.zip,411919,25045c26e0f52ac450eff73e35ccbea61efae3d91adc34e98ec0d522355ba953
202407.zip,500492,b6f542bf35d115e7c7ebbb553025086ae5c23b66a925033dcc7a415d4b6f5e1c
202408.zip,480597,cedcbfeea91732ec2e58f760a5973a5aea2ad906e915b9cd30be2ecf51bfd838
202409.zip,443641,f3e0223c5c7def172e39b47fd5b6f252936522218786b9b4b5ee62698ed99367
202410.zip,574237,d898052baa2fc1cb24681e28be21bf51093b2359175773c4608d295f06905fea
202411.zip,606434,b39bd8b9c70d4c18beb59022f4b4441bd897e9ad53327d02f60af8f6ed52735e
202412.zip,569301,b10da45825849d6f5c749fa83923d389d4cbbecb2fe958f9c2288cd8e032f19e
202501.zip,451440,512324c72d833e1d45a036dbeaa133aa943163e8973623b5e5d87674b28318d5
202502.zip,425191,2a2e25828029b0fc834e750d282f4461302b0f34d1a84ea33aecd74cf639a657
202503.zip,456781,06414ede4a513531967b647eb21834fc859fd2ac3edcd7fd71fc46d26ff8325c
202504.zip,469729,d278bda3cf19a7093cc0196be33c9425cc53d6814f7d799e309cd50546a52cc6
202505.zip,400706,f223d85b9c542e52991a6da478084d81dd080e2dca306b22b7f15a2687d0cc6a
202506.zip,394773,27b31853299215c45fd624da2ca4d4508fe76e91187846e1dbf5fe1b8d4b7d90
202507.zip,452619,5d1d84707042318eb0edaf86f932d7d876570dc187dad3270abf6f640485b307
202508.zip,465495,676d391001d90d0f36c065bccd807e94b96d76e42b300f7e1c0f12a542179758
202509.zip,529454,74fa916d7c5d0b1330da0050f47468c76541f9a8ac9ed11dfe253455910ffca3
202510.zip,384322,f89a692ccea05183e73cf4a2012235adba8aac8962aa94cb2040781f58c59a00
202511.zip,434839,6126b8ba26c0f15b779ba6846b27c62356d2310d1726c61e50491b4801d7fa6a
202512.zip,478985,ab425e58fedad5611810d4630bc6fa0c2515a340ef3f34b0ebc46a2d65183bad
202601.zip,458362,2ae568fe1052125e9e0ec4fddc6bd1b7be398b5b50dbe2b7c4ea9c2b2abc21a2
202602.zip,322438,d941d98346893fb6d89294cca8020fd9ce7c31ea2613c5ac1342942ac3c91b6e
202603.zip,503666,21d7019143ce71b050f5a4078b9fdcc7025f085b91e4c8f7901e86bfc11afc14
202604.zip,471215,9bb1cb86c5b3731da2f1d014bce280bf7702718528fdc7a9fa900acc01e1294a
202605.zip,416314,66b7425b6cb0e1fe120d1f437e7c6e6c9a77af763f45a3989db91ae8aa488e90
202606.zip,483762,de56df1e96fe12f837985ffbd793b8996ab0ae10d28773b2df3f1ef428bd9fdb
202607.zip,535917,abeff1a696ab0f717bead36a736b77bb1346b4a0ee8abbd11b433b4c5ffe98f7
202608.zip,477030,887147411a5c56c74aa548400cddbb74566da7f5d69f1aa39cafd6e617cb90d7
202609.zip,108108,0d232b7be9b8d4b323e0da932bf9cd11f7ca97c51f04a877553ac21b7b9975b6
